long,lat
-75.187567,38.424383
-84.168194,33.625357
-89.787098,34.388685
-93.260331,33.92887
-77.455712,36.776028
-88.617363,35.202492
-100.55806,33.85833
-100.11681,35.72978
-99.51059,30.09119
-83.410928,36.051917
-96.549599,28.962505
-97.038374,34.279312
-91.980387,33.58115
-79.181295,39.019672
-98.922295,31.65292
-95.619281,33.140773
-87.481803,36.089561
-95.211425,32.724455
-88.319424,32.908559
-96.984366,30.84091
-85.466072,32.033367
-98.049755,30.660304
-95.975809,31.181225
-98.955079,30.737776
-97.875528,30.186017
-97.097972,34.092026
-80.395426,37.282425
-82.462875,29.727608
-98.358706,35.485421
-100.114071,35.214142
-96.04731,37.65021
-94.72579,37.82731
-95.179147,37.452926
-94.932398,39.371571
-94.97529,37.83239
-94.98695,38.943092
-93.836947,36.558582
-94.949997,38.233334
-95.18363,38.80336
-89.209122,31.447301
-94.13555,40.04666
-88.278456,35.959221
-99.40426,35.41199
-92.74305,38.97361
-92.566667,32.366667
-88.325,35.15
-88.592139,34.944694
-90.13027,31.06325
-89.22413,30.3576
-89.688917,31.175417
-74.528821,40.066169
-88.750519,30.399467
-76.740203,37.203833
-95.409887,38.872999
-97.505338,35.687438
-97.153773,29.957765
-79.243136,35.829513
-100.361397,32.372138
-86.256117,35.221279
-95.667744,33.343221
-78.554131,36.186833
-98.022076,30.020227
-99.198753,31.819553
-79.379091,36.712829
-99.952985,32.242109
-79.878342,36.999347
-78.386778,37.3458
-94.025872,30.814283
-85.942437,35.560162
-97.798972,30.968788
-97.524668,30.284081
-83.82882,35.5942
-98.709192,29.780177
-98.143235,34.76639
-88.885991,37.359368
-85.0438,35.546683
-77.898354,34.080566
-96.9458,33.186245
-95.18862,33.070084
-82.128473,39.433232
-97.989316,32.311331
-94.307275,39.483392
-77.395478,38.753922
-96.75156,33.738755
-92.191447,32.644293
-90.732827,37.562956
-80.7906,34.987924
-98.816437,30.501583
-97.318265,35.556146
-85.150864,34.597092
-74.933288,39.567436
-82.446213,35.31856
-95.736532,33.727033
-97.833904,33.240528
-97.79473,33.695033
-97.877867,33.45762
-96.532845,31.594547
-91.572862,38.903698
-96.709164,35.976958
-84.618954,37.763335
-81.555843,33.143763
-94.427251,35.998447
-84.956858,35.208637
-99.606302,32.210763
-98.754928,29.570976
-98.038061,31.111626
-92.699738,39.1624
-74.863595,41.024995
-92.282228,35.58237
-96.061936,35.619158
-88.035906,36.900524
-99.306203,34.905788
-83.543244,34.214742
-96.597887,34.322047
-77.650187,38.311502
-94.994025,37.569228
-98.629459,32.235211
-96.684517,31.323947
-99.81483,32.691857
-76.499731,38.940281
-77.664634,38.82913
-98.462711,33.431293
-79.826,36.638
-95.991778,32.357284
-83.309695,34.665906
-81.180358,35.817422
-95.784588,36.026581
-98.536046,34.735876
-98.559298,32.535081
-82.482727,38.64719
-97.784248,31.270506
-85.210775,32.987626
-96.015767,30.204336
-83.755333,34.978725
-75.357484,38.996948
-90.482913,38.976328
-77.052799,38.694631
-98.280453,30.140532
-83.399712,38.878863
-96.40091,33.47441
-90.12463,34.76333
-95.24837,38.36333
-94.71144,33.75028
-95.96472,38.53262
-89.292253,37.449883
-85.630874,38.351709
-88.704995,32.018739
-77.157374,35.697072
-76.003456,38.730297
-85.042183,35.042061
-88.473013,37.1273
-81.33746,36.463379
-80.93107,35.574287
-83.75431,36.108486
-98.289437,32.632653
-76.333754,39.833304
-78.910747,35.467836
-97.975655,31.46028
-79.117721,36.063845
-98.3111,31.24356
-88.77963,38.74013
-72.853611,40.773611
-88.129483,39.534767
-88.687158,39.486866
-99.817811,35.291032
-88.629333,30.562236
-94.925969,29.66892
-93.15083,40.26222
-86.584328,34.979355
-98.3029,32.43295
-98.210033,32.24815
-97.690178,30.686112
-78.319042,36.540892
-94.059139,33.766011
-76.44182,36.083197
-96.250622,29.417725
-76.028593,39.213959
-98.441667,35.061667
-74.72806,39.45222
-97.473488,33.547438
-100.52961,31.82777
-74.88156,39.01456
-82.499613,36.381061
-95.940476,36.698116
-77.59263,39.036205
-73.145182,40.964752
-89.034898,32.099729
-77.934775,38.990745
-75.641,38.35177
-89.876757,33.23833
-82.769653,35.86468
-84.466678,37.553097
-83.563994,32.465847
-80.639544,33.744954
-81.064167,31.970278
-92.736944,39.676111
-89.532072,36.852398
-93.593333,36.5025
-94.366111,39.929722
-99.226713,33.508176
-96.605551,35.799097
-87.989403,38.231049
-82.200278,39.136293
-98.406696,30.320465
-80.670588,37.057803
-76.510323,36.934598
-93.72045,34.149303
-91.501517,35.206892
-78.004672,39.198749
-96.067903,31.78153
-95.24915,35.900563
-93.671611,40.089028
-92.7,32.6
-84.061888,36.030374
-80.546128,37.433403
-96.855103,29.152381
-70.1344,41.7544
-97.445772,28.641073
-72.075067,40.998
-84.270109,35.930248
-83.401855,38.173838
-98.62133,30.236303
-82.389258,38.88263
-98.759728,29.245912
-76.947949,35.490783
-97.28916,29.09387
-84.799665,29.890147
-81.934371,30.815605
-84.883083,30.241138
-84.48463,30.01074
-81.903056,29.02
-84.285766,30.52917
-84.31449,30.12086
-75.734479,39.054527
-75.487145,39.34039
-95.208659,30.350476
-92.062028,33.150054
-77.88758,35.237103
-90.8005,31.150833
-89.205478,31.196654
-88.19341,34.617669
-88.625101,34.234108
-88.849444,33.786111
-90.11,36.739444
-92.281111,39.916667
-90.93198,35.67682
-92.74696,33.83931
-90.71968,35.5179
-82.014354,38.950134
-91.579221,33.575594
-91.139508,34.610677
-90.07583,40.174361
-89.411264,35.395036
-96.26603,31.991376
-94.202812,31.046825
-97.474139,32.848425
-77.380688,38.448555
-97.201177,30.497491
-99.106589,30.932147
-97.048736,33.411153
-82.186304,35.912199
-96.562547,32.636453
-74.660899,39.640605
-88.947237,30.60133
-97.194563,33.119123
-76.088756,38.438747
-89.896759,30.267743
-76.543267,38.55186
-85.821883,33.474275
-91.877464,36.07159
-89.5042,37.0944
-83.229187,36.665263
-88.28782,36.994717
-97.645925,32.208658
-86.309189,36.082022
-90.221245,32.232553
-79.055175,38.021974
-89.65726,39.155882
-95.559692,36.515069
-96.798912,36.32889
-94.779717,30.080758
-86.10665,38.130133
-95.356593,34.974019
-86.510087,34.587629
-94.189962,36.926081
-79.447801,35.991576
-94.691757,38.79987
-75.478992,38.525403
-98.505473,33.881973
-84.585473,30.766107
-75.523377,40.006044
-97.532598,32.618694
-98.265838,32.044778
-84.798858,36.553342
-80.387954,36.415279
-97.097065,32.587519
-90.623364,36.417366
-80.946945,32.657848
-97.098316,36.210184
-76.709358,38.772268
-81.530517,39.271422
-86.238647,37.316028
-80.762927,35.905747
-97.318216,32.510475
-89.292535,37.637967
-75.6389,38.0364
-91.377711,34.120023
-77.920088,38.013121
-79.405137,35.38932
-96.212355,30.567072
-86.028936,37.422529
-82.744858,36.702062
-94.171303,36.363106
-91.007217,30.597745
-76.847136,39.409303
-88.478103,33.051211
-84.641389,30.405
-85.891412,34.920147
-96.399583,30.674031
-75.474413,38.207794
-97.685097,29.433658
-94.31,33.17
-87.64,33.6
-87.64,32.6
-87.37,33.12
-91.35833,39.70833
-77.236585,39.795377
-78.143928,39.752214
-76.464438,40.248102
-75.847116,40.224258
-75.715458,39.895395
-83.95,30.4
-84.9833,29.7256
-96.42,32.45
-97.8717,31.7033
-77.388062,37.367
-95.452484,39.638202
-91.095527,30.356537
-85.724108,32.600966
-88.923602,38.031504
-96.213654,37.237867
-71.444282,41.585359
-78.5,39.125833
-99.48969,29.79592
-99.37498,31.46387
-75.239111,39.439888
-92.083939,37.653112
-95.587105,36.298855
-97.2025,30.753425
-97.027778,34.478889
-75.858947,40.532878
-90.636111,38.5325
-93.22222,39.75555
-73.430542,40.92638
-98.703903,32.007633
-98.497611,29.851269
-96.77417,31.861944
-79.817465,37.23313
-77.981094,37.604094
-93.1,36.55
-78.830688,39.222289
-78.950803,39.062329
-89.161313,37.938968
-89.443528,32.33651
-76.430388,38.189505
-75.819073,38.516114
-79.446339,34.950131
-90.055519,35.336822
-78.869168,34.140298
-81.321306,36.021092
-94.246357,35.779476
-77.081234,39.212012
-75.096596,38.774374
-94.948833,29.457128
-98.031251,32.816732
-78.898041,38.443426
-99.27206,30.189812
-93.989237,37.921555
-83.289397,39.940553
-83.35918,31.512757
-84.9077,35.797203
-77.319802,39.166401
-98.9458,30.337362
-97.680568,32.756026
-97.575475,29.619552
-83.47957,40.04572
-79.834153,37.652328
-95.575386,30.144058
-82.820416,38.063207
-81.411873,35.800715
-88.245561,36.315728
-92.321655,39.135782
-89.04625,37.730475
-88.063325,34.261558
-96.930978,31.575405
-81.749695,37.605387
-95.928908,37.03222
-74.228137,40.543657
-75.943542,38.922715
-87.250572,36.095775
-96.443838,30.20882
-99.430887,32.403972
-78.86635,36.072919
-99.080181,32.0219
-81.127945,38.12209
-98.608626,31.273002
-100.000283,35.548683
-78.554916,38.026852
-91.084312,38.766458
-95.735832,39.833889
-92.403758,35.226499
-95.116889,39.543618
-87.098149,36.497209
-85.072846,39.376258
-87.538919,33.321939
-88.979622,37.539233
-78.542839,35.772505
-79.338837,37.431898
-96.300967,32.743398
-94.338265,30.476305
-79.413867,36.249268
-80.029764,36.116033
-95.288933,29.336072
-81.903828,39.281433
-85.266045,32.380303
-86.53354,36.102701
-72.798202,40.961799
-87.406272,35.6058
-89.411475,31.346188
-75.752562,38.729826
-94.03201,33.193685
-81.611755,35.986088
-83.993553,38.431492
-92.300012,38.877533
-77.15648,37.217453
-96.762947,30.884567
-91.280861,30.687899
-93.547111,36.232143
-96.471944,29.966944
-76.363617,39.641537
-82.389625,38.481442
-78.610319,37.30457
-78.987755,35.840295
-74.212853,40.184608
-97.869514,30.522222
-77.13681,38.442001
-75.980028,39.437138
-85.764486,33.721223
-93.490883,34.552708
-86.633155,36.84978
-82.635453,35.176717
-72.247344,41.298511
-97.168068,35.392014
-83.729942,40.101056
-86.475713,34.770991
-93.050953,30.9435
-98.363197,31.672524
-96.871009,31.108481
-76.479511,39.161531
-99.058228,29.763117
-78.179165,38.547729
-89.880165,34.91291
-81.858558,39.836945
-95.727009,32.931753
-85.531495,37.716729
-96.433218,36.851824
-95.797913,36.220092
-81.44086,34.509391
-92.018531,35.533011
-96.825172,28.889313
-82.67527,39.151017
-81.503717,39.746942
-98.820275,30.102191
-96.99044,30.57325
-95.696629,30.301688
-97.353508,33.82562
-85.646886,33.281782
-83.728011,31.158356
-97.430528,31.537142
-80.888611,37.126667
-74.533613,39.880334
-78.596855,39.54248
-98.426628,35.880355
-78.478266,38.663913
-78.186295,36.290174
-87.986856,37.830239
-97.424579,31.016635
-76.825737,37.770558
-97.002156,36.467405
-97.883087,29.275988
-78.389689,35.918266
-93.677869,39.067258
-77.691061,39.43949
-75.946082,39.740136
-84.1753,37.5419
-98.239414,30.549319
-91.011887,31.129858
-82.584642,29.904633
-82.586029,35.743282
-76.77688,38.585658
-87.286413,36.920953
-89.325942,34.368573
-80.904057,37.758414
-74.450056,39.463076
-88.923188,33.485166
-96.941042,35.493428
-98.772346,34.751179
-87.325378,32.648317
-83.171982,33.355622
-78.388763,39.629895
-86.588969,35.741562
-77.91428,38.701175
-95.294981,32.482262
-97.925825,29.494405
-98.235732,29.7824
-94.037023,38.870113
-76.918445,38.063274
-98.227626,30.758024
-84.227344,38.55689
-97.477487,31.283913
-98.457595,33.678173
-90.165752,36.487176
-75.010172,40.695933
-74.742846,39.176503
-75.451011,40.32899
-95.159206,29.912238
-83.153708,34.867908
-87.131048,39.039413
-95.1046,31.046433
-97.649416,32.390869
-83.585278,31.55
-84.566417,30.585389
-95.445442,30.809036
-74.9375,40.34583
-87.093918,33.294586
-94.587872,37.531003
-86.68258,31.18837
-93.050552,32.679722
-101.051278,33.468849
-83.099014,39.66803
-78.603722,37.013847
-97.023021,30.379246
-91.2756,40.5849
-77.090706,34.793886
-94.713267,38.116536
-76.228037,38.949438
-97.343436,31.829761
-95.081153,33.740722
-79.5166,33.7255
-82.574886,39.457095
-98.86594,32.170852
-76.534605,38.363434
-92.51607,34.84455
-80.89031,32.92511
-89.265068,32.169363
-99,34.75
-96.258637,37.047591
-94.745833,38.5875
-95.333336,38.010277
-95.424502,38.572508
-94.21555,39.66555
-90.708077,35.77968
-72.856739,41.254975
-87.268653,36.614917
-98.985954,33.147374
-98.089322,30.218186
-97.307161,35.226056
-81.710906,39.110619
-74.320897,39.668574
-82.912187,35.56129
-93.563583,32.497778
-99.13788,30.04273
-93.75687,37.27338
-72.45907,41.0672
-78.282778,38.949167
-96.33292,33.302984
-96.381478,35.919868
-97.258587,30.209985
-74.052168,40.697251
-92.913883,35.128722
-96.882206,35.707114
-96.182261,36.731321
-94.120764,35.02731
-76.731187,39.635505
-85.2602,30.4334
-82,28
-92.82265,30.23604
-97.589456,33.373411
-86.878635,30.712013
-85.351982,37.090678
-98.432826,29.038938
-85.171145,35.268911
-72.554703,40.89892
-92.270233,30.783278
-98.493538,31.966093
-84.361922,37.904042
-95.991882,32.848366
-96.455275,32.104253
-73.783691,40.873151
-92.486469,34.651825
-87.83,31.14
-87.47,30.67
-87.56,30.47
-87.83,30.75
-87.47,31.17
-88.11,30.92
-88.19,30.56
-88.42,30.81
-88.11,31.67
-87.94,31.33
-88.19,31.36
-88.31,31.58
-88.42,31.39
-88.31,31.78
-87.81,31.81
-87.81,32
-88.06,31.92
-87.69,31.56
-86.78,31.47
-86.89,31.28
-86.97,31.56
-87.28,31.44
-87.28,31.64
-87.5,31.64
-87.5,31.39
-88.11,32.61
-88.11,32.39
-88.36,32.67
-87.06,31.89
-87.25,31.97
-86.75,32.64
-85.44,31.83
-86.67,31.78
-86.89,31.78
-85.56,33
-86.47,32.83
-86.81,32.94
-85.86,31.36
-86.08,31.53
-85.72,31.22
-85.94,32.64
-86.25,32.72
-85.72,31
-85.92,31.08
-86.11,31.17
-85.14,31.5
-85.19,31.08
-86.53,32.08
-85.72,32.31
-85.53,32.44
-86.03,32.11
-85.72,31.81
-85.06,32.22
-85.83,33.08
-87.56,33.86
-87.81,33.86
-87.86,33.56
-87.92,32.92
-87.69,32.83
-88.03,33.94
-87.67,34.03
-88.19,34.08
-87.83,34.17
-87.86,33.31
-87.97,33.11
-88.22,33.47
-87.31,33.31
-86.5,33.97
-85.67,33.92
-85.56,34.36
-86.14,33.14
-86.78,34.28
-86.83,34.03
-86.03,33.89
-86.78,33.83
-86.86,33.36
-86.92,33.61
-87.11,33.5
-85.47,33.17
-85.5,33.47
-86.53,33.78
-86.67,33.08
-86.56,33.5
-87.36,33.97
-87.14,34.11
-85.92,34.36
-87.61,34.36
-85.75,34.75
-87.39,34.94
-87.31,34.36
-87.33,34.75
-86.81,34.89
-86.5,34.36
-86.75,34.53
-87.08,34.56
-87.784081,30.476397
-87.08639,31.173516
-88.418882,31.002065
-88.194434,32.115205
-86.469064,32.610914
-87.001318,32.194936
-87.356389,32.253047
-85.780177,31.634412
-87.064887,33.078164
-88.087435,33.284632
-87.335878,33.523672
-87.026312,33.944776
-86.05088,34.616203
-86.192036,34.307461
-86.079848,33.620056
-85.567058,31.685094
-87.634732,30.864262
-87.420316,32.917851
-86.257955,33.837741
-87.853442,32.689674
-86.469983,31.1259
-86.173309,32.299604
-87.55056,34.776498
-88.074737,34.774662
-87.495844,34.585497
-86.212062,31.349298
-87.956918,32.196525
-87.540903,32.135299
-85.504022,31.340931
-85.224335,31.27361
-85.821355,34.533672
-85.647005,34.965491
-86.881332,31.068731
-88.353993,32.328082
-85.388425,32.820014
-85.409328,31.50917
-85.344691,32.584951
-86.783127,32.162642
-85.810572,32.892312
-88.033637,33.737424
-85.496776,34.144964
-85.522931,33.675211
-86.238306,32.959889
-86.261514,34.124104
-86.251696,34.882993
-87.766788,34.947728
-86.924405,34.714605
-86.471728,31.340489
-87.85487,32.386874
-87.019403,32.644004
-87.088853,32.471999
-86.181454,32.514124
-86.447093,33.137104
-88.119723,32.800324
-85.813661,31.997043
-85.932965,32.37398
-85.91759,33.273715
-85.392562,33.829327
-85.918309,34.09351
-88.21131,31.127646
-85.262303,31.688175
-85.466948,31.124701
-86.070816,31.898984
-85.405651,32.219353
-87.15723,32.905726
-87.702152,33.073924
-86.027432,32.823631
-86.347945,33.583752
-86.60458,33.311956
-87.199782,33.713615
-87.392029,34.152795
-87.806791,34.702555
-87.807515,34.45888
-86.279025,34.665181
-87.028984,34.329399
-85.197254,31.997312
-86.435015,31.643915
-86.329426,31.920018
-86.535464,32.28823
-86.281267,32.119892
-86.303172,33.355865
-88.036505,34.48412
-91.22,34.31
-91.31,33.5
-91.36,33.08
-91.53,33.78
-92.14,34.14
-91,34.86
-91.89,34.06
-91.72,34.72
-92,34.89
-91.58,35.03
-90.89,35.33
-91.19,35.36
-90.86,34.42
-91.23,35.18
-91.58,33.31
-91.69,33
-91.77,33.18
-92.08,33.33
-92.25,33.47
-92.5,33.5
-92.92,34.03
-93.33,34.14
-92.31,33.72
-93.11,33.11
-92.5,33.81
-92.67,34.06
-91.75,33.44
-91.78,33.69
-92.5,34.44
-92.67,34.25
-93.64,33.97
-93.65,33.72
-94.19,34.22
-93.58,33.42
-93.64,33.06
-93.83,33.28
-93.42,33.67
-92.92,33.42
-92.87,33.6
-93.53,34.28
-94.25,34
-94.39,34.14
-92.31,33.22
-92.56,33.14
-92.72,33.28
-92.86,33.06
-93.78,35.06
-93.53,35.19
-93.83,35.25
-93.61,34.72
-93.67,34.42
-93.83,34.58
-93.11,34.89
-92.83,34.94
-94.36,34.36
-94.31,34.56
-92.69,34.53
-94.31,34.81
-93.53,34.97
-92.92,36.25
-93.19,36.22
-92.75,35.28
-94.28,35.53
-92.39,35.03
-91.75,36.31
-91.69,35.89
-91.69,35.67
-93.72,36.06
-92.5,36.08
-92.56,36.44
-92.68,36.27
-93.14,36
-93.42,36.06
-92.86,35.5
-93,35.72
-93.17,35.58
-91.19,36.25
-92.44,35.86
-92.19,35.75
-92.56,35.47
-92.61,35.67
-94.19,36.06
-91.89,35.33
-93.025019,33.845183
-90.673406,34.657863
-91.034261,36.414049
-90.505395,36.152214
-93.236979,34.360553
-93.205525,34.551536
-92.949459,34.46346
-93.318863,34.764762
-92.63288,35.031479
-94.199889,35.293526
-92.277763,36.257422
-93.694914,35.675022
-91.311471,36.464317
-92.69476,35.921518
-91.492843,35.980704
-91.674945,34.221606
-91.733139,33.925143
-91.370522,34.638761
-90.410473,36.319362
-90.413406,35.805519
-90.692572,35.018647
-93.382577,33.313742
-92.403795,34.227858
-93.861431,33.640416
-94.410314,33.667338
-93.9881,33.410085
-92.262186,34.640932
-92.224005,35.373321
-92.169165,35.181682
-91.736709,35.463712
-91.303732,33.26875
-92.139564,34.446626
-91.298527,34.833361
-90.775981,36.020546
-91.200362,36.067329
-93.959417,34.292358
-93.223258,33.750822
-93.118606,33.574967
-94.047152,34.510321
-94.357773,35.031381
-93.653016,35.414698
-93.538483,35.878974
-92.871424,36.041706
-91.632289,36.124573
-92.1233,35.999952
-90.705831,35.215967
-93.075283,34.19574
-92.194088,33.942019
-93.143753,33.375965
-93.99479,34.012695
-92.652641,33.675439
-93.368773,35.32657
-94.096946,34.688164
-92.295384,34.866072
-92.945261,34.658507
-93.26518,35.116474
-93.821664,36.360215
-94.444584,35.683341
-93.923255,35.421078
-94.01663,35.644529
-91.495907,35.554977
-93.430685,35.63687
-93.945339,35.893343
-93.225069,35.774926
-93.046135,35.351277
-93.988933,36.196733
-91.764609,35.140668
-91.620571,34.475497
-91.923932,34.273816
-91.782349,34.940657
-91.526335,34.810468
-91.000015,35.148404
-91.993218,33.808206
-92.747653,34.768133
-93.891102,34.813272
-94.518284,36.414099
-93.297137,36.437549
-91.364091,35.810847
-92.007437,36.251202
-91.427972,36.201479
-91.966887,35.776128
-75.747796,39.286511
-75.483973,38.781093
-82.215815,29.833469
-82.75,30.31
-82.892731,29.22665
-81.72,29.78
-85.11,30.25
-84.81,30.67
-85.33,30.64
-85.39,30.86
-84.86,30.44
-86.53,30.81
-87.22,30.92
-86.31,30.61
-86.33,30.97
-86.06,30.69
-81.926711,30.11303
-83.914228,30.596719
-86.71005,30.929837
-86.096142,30.943947
-82.845249,29.91782
-83.087543,30.406828
-83.093184,30.093563
-86.653047,30.584713
-84.168785,30.252994
-82.971591,29.504852
-85.123239,30.743099
-85.733623,30.560727
-82.187269,28.550877
-83.516825,30.383505
-82.047999,29.212306
-83.234205,30.267476
-82.500143,28.701707
-82.36,31.89
-82.864189,31.225029
-81.391015,31.99474
-81.632493,32.139482
-81.83145,32.303731
-82.016156,32.553599
-81.779696,31.002853
-82.75,31.53
-83.253075,32.250319
-81.36,32.19
-81.720868,31.217444
-82.58,31.89
-81.86,31.92
-82.549463,32.112799
-82.833311,31.829225
-82.908006,32.005072
-82.561453,32.401053
-83.606937,30.973479
-84.42,30.92
-83.718565,32.194945
-84.890521,31.442831
-84.92,31.11
-83.220126,30.888318
-84.094502,31.169637
-84.026607,30.920283
-83.727972,32.83721
-82.166083,32.938523
-83.863678,33.331374
-84.632029,31.613768
-83.949666,32.829908
-82.63128,33.142014
-83.001396,33.107401
-84.81,32.61
-83.553123,33.023653
-84.087003,31.690823
-83.966601,31.857907
-82.472457,33.66265
-84.16688,32.330091
-84.646079,32.359729
-83.917408,33.085156
-84.522194,33.023617
-83.467422,32.246506
-85.060986,31.809555
-84.777067,31.831779
-84.36492,32.216017
-84.969463,32.002565
-84.246755,31.974151
-84.054342,32.134407
-84.588642,32.642847
-84.384773,32.723294
-82.943455,33.585136
-84.227022,32.549925
-84.167432,32.831292
-82.670578,33.505168
-82.945207,32.7944
-82.828792,32.997962
-82.612707,32.862835
-84.641713,32.08654
-82.973069,33.773428
-83.553302,34.475062
-83.72,34.06
-85.001944,33.583654
-84.411405,34.003012
-84.753856,33.386746
-84.281706,33.8577
-82.642091,33.999455
-82.92,34.06
-84.441095,33.277528
-83.337848,34.389778
-83.880234,33.889127
-85.229326,33.391723
-84.090547,33.304888
-84.715845,33.195575
-84.97,34.03
-84.94,32.89
-83.748278,33.695648
-85,34.22
-85.396126,34.540036
-84.57613,34.634893
-84.995027,34.414233
-83.611,34.722
-84.889883,34.642417
-85.420625,34.753194
-85.03,34.83
-81.253726,31.823199
-81.622743,32.410889
-81.648826,30.812908
-81.222269,32.359823
-82.247088,32.719718
-82.434265,32.613348
-82.673922,32.613261
-81.5524,31.662475
-81.489043,32.624846
-82.298827,32.291875
-82.11282,31.504748
-82.030885,31.801836
-84.560332,31.394803
-84.422231,31.219398
-84.226747,30.996627
-83.224292,30.674354
-84.081907,31.414694
-83.818347,30.940694
-83.527706,31.748745
-83.673137,31.364808
-82.261498,33.54134
-83.227639,33.690581
-82.940415,33.385521
-84.687774,32.810792
-82.386509,33.383428
-83.957154,32.422524
-83.359192,33.47711
-84.947624,32.449923
-84.284772,33.149695
-83.462301,33.27005
-83.388897,32.856836
-84.470697,33.493368
-83.753377,34.323223
-82.885299,34.315745
-85.224497,33.210367
-84.997517,33.328257
-83.419491,34.061383
-84.407911,34.229402
-84.407513,34.782037
-84.714377,34.833474
-83.499756,34.879202
-82.2463,32.515192
-85.252367,34.135007
-81.909388,31.647085
-84.214674,30.786234
-83.345151,32.078867
-83.611267,33.871778
-84.412351,34.468328
-81.785094,32.608712
-83.844005,34.791915
-83.728962,30.746097
-83.289596,31.136563
-82.140599,31.228138
-84.708904,31.069866
-83.226703,31.85891
-83.262131,32.469163
-83.089529,33.933012
-84.593567,34.108002
-84.387828,34.965359
-85.217228,34.408361
-83.28073,33.061294
-83.783424,32.601662
-84.863055,31.627594
-84.752123,33.977772
-84.915095,33.117094
-81.553196,31.442444
-81.715492,32.81725
-81.893297,33.137085
-85.062209,32.683295
-82.359097,33.140246
-84.418793,32.415831
-83.461542,33.696146
-83.506831,32.68441
-84.51764,33.778721
-83.90106,34.183567
-85.070995,33.852351
-84.739004,34.250604
-85.240536,34.931395
-84.697717,34.47531
-82.775055,32.415673
-81.942098,32.929875
-83.693975,33.182942
-82.395106,32.959229
-82.666236,33.805701
-83.335317,33.895655
-84.082311,33.960125
-83.977848,33.511631
-84.129696,34.873649
-84.203895,34.673943
-83.863448,34.510164
-82.970924,32.507032
-83.519567,30.739429
-84.382278,31.533607
-83.64954,33.527976
-82.128901,33.286201
-83.156549,32.844177
-85.238773,33.603238
-84.754868,33.768333
-84.131365,34.152415
-83.172461,34.230095
-84.17661,34.39554
-91.522224,40.675376
-88.64,38.25
-88.69,38
-89.58,37.92
-88.64,37.25
-89.14,38.14
-89.5,38.11
-88.67,37.56
-90.03,38.14
-89.75,38.22
-89.83,38.03
-88.69,37.78
-88.39,37.69
-89.64,38.56
-88.58,39.14
-88.67,38.97
-90.39,39.31
-88.25,39.08
-88.81,38.44
-90.17,39.03
-87.56,38.83
-90.08,39.5
-89.78,39.36
-90,39.22
-89.69,38.78
-88,38.58
-89.58,38.36
-89.36,38.28
-88.47,38.47
-88.28,38.33
-91.17,40.17
-91,39.92
-90.75,40.31
-90.94,39.72
-90.39,39.64
-89.887984,38.42563
-90.601541,39.515961
-89.286193,37.265341
-90.623282,39.316113
-88.881487,39.075794
-89.107048,38.370231
-89.051591,38.595295
-90.19024,38.324998
-89.041124,39.323001
-89.907357,39.010219
-90.789522,40.121299
-89.577731,38.946159
-87.970144,38.78083
-88.382463,37.881053
-86.81,38.63
-86.73,37.93
-87.03,38.1
-86.19,38.46
-87.5,38.19
-87.31,38.92
-86.64,38.25
-86.56,38.08
-87.24407,38.206015
-87.32407,38.010111
-85.22053,39.069251
-86.402539,38.244109
-95.12,39.83
-95.03,38.44
-94.99,39.13
-96.47,39.33
-95.65,39.11
-95,38.02
-96.49,37.1
-96.15,37.42
-95.44,37.29
-95.19,37.1
-94.7,38.35
-95.64,37.11
-95.52,37.49
-95.38,37.65
-95.74,37.65
-95.74,37.89
-94.743997,39.044313
-95.944887,37.269781
-95.87962,37.483026
-96.051528,37.881462
-94.654117,37.115611
-82.82,38.25
-83.05,38.14
-82.91,37.83
-83.45,38.67
-82.911523,37.500761
-83.63,36.67
-83.83,37.08
-84.58,36.72
-84.24,36.72
-84.02,36.61
-84.18,36.92
-84.86,37.56
-86.54,37.81
-86.39,37.61
-85.59,38
-86.34,38.03
-87.46,37.11
-87.02,37.86
-87.56,37.39
-85.61,36.78
-87.08,37.19
-86.67,37.56
-87.87,37.61
-88.97,36.92
-87.81,36.86
-88,36.69
-83.18,37.89
-84.1,37.75
-83.91,37.94
-87.57,36.72
-88.17,37.42
-86.92,36.86
-87.386764,37.586472
-86.4,37.08
-83.006955,38.378611
-83.331403,37.523898
-83.699535,38.14022
-83.699893,38.37151
-85.808156,37.31057
-85.489265,36.936335
-86.843166,37.061828
-86.414155,36.702513
-88.458794,37.360798
-82.862708,37.125093
-83.087144,37.188174
-83.514847,37.824241
-83.937518,37.59759
-84.25592,37.211126
-86.103893,37.640971
-86.019034,37.877204
-86.080245,36.958749
-82.521317,37.46246
-83.150162,38.552586
-83.98363,37.387413
-84.838365,37.232891
-84.658152,36.92557
-85.849543,37.069704
-87.963123,37.243457
-86.859089,37.667541
-86.127199,37.148133
-88.74091,36.872325
-88.77382,36.664811
-83.68682,37.267145
-83.693141,36.889965
-83.705326,37.582786
-86.473475,37.393156
-85.113082,36.879402
-87.853669,37.425915
-88.547995,36.775959
-88.237667,36.792774
-82.295636,37.359226
-82.757982,38.434403
-84.355988,38.835918
-86.269481,37.819658
-85.058262,37.289047
-85.811798,37.658924
-87.758053,37.102726
-86.892051,37.412353
-88.20994,37.22304
-91.67,31.33
-91.92,32.94
-92.61,30.36
-92.22,31.28
-92.42,30.53
-91.56,29.83
-92.78,30.72
-92.92,30.58
-93.11,30.72
-92.47,30.72
-92.47,30.92
-92.58,31.75
-93.03,30.36
-92.17,31.81
-93.19,31.58
-92.72,31.42
-93.44,31.72
-93.64,31.58
-93.75,31.81
-92.97,31.14
-93.47,31.03
-90.75,30.36
-90.61,30.97
-90.81,30.89
-89.69,30.36
-90.11,30.44
-90.5,30.44
-90.06,30.72
-89.94,30.97
-90.25,30.83
-92.78,32.22
-92.83,32.42
-93.78,32.89
-93.97,32.22
-93.92,33.03
-93.97,32.64
-92,31.94
-93,32.89
-93.61,32.19
-92.31,32.22
-92.53,32.72
-92.06,32.42
-92.33,32.44
-93.28,31.97
-93.39,32.14
-92.39,32.92
-92.17,32.89
-93.31,32.53
-93.25,32.83
-93.42,32.72
-92.47,31.92
-92.53,32.11
-92.83,32.03
-92.604283,31.081284
-93.516639,32.887537
-91.75413,31.836683
-91.665581,30.23194
-93.71951,30.31657
-92.117853,31.582455
-93.185582,31.320736
-91.152652,30.929856
-93.446827,32.327467
-93.552125,31.973172
-93.480381,30.629875
-92.368802,31.665985
-90.699305,30.542183
-90.448126,30.622288
-91.806999,32.673092
-93.519719,30.368365
-92.783535,31.6233
-92.521804,31.50064
-92.715246,31.235173
-93.212725,32.342815
-92.825592,31.844013
-91.605189,32.36773
-93.036863,31.932786
-93.38595,31.453196
-93.27653,30.887879
-90.227746,30.607855
-93.665279,32.672349
-93.86137,32.406083
-92.268734,32.015953
-93.27561,30.579049
-93.270747,30.363823
-93.182746,31.109856
-93.378258,31.194638
-91.006205,30.800203
-92.738611,32.844952
-91.664346,32.138087
-93.141269,32.147811
-70.618393,41.415455
-76.52747,39.41677
-76.80525,38.33346
-90.12,37.21
-90.09,37.45
-90.56,36.78
-90.93,37.03
-90.79,36.85
-91.49,37.7
-91.74,37.58
-90.44,37.61
-91.62,36.55
-91.33,36.66
-91.35,36.88
-90.91,37.41
-90.77,36.56
-90.63,37.98
-90.45,37.81
-91.22,37.07
-91.4,37.18
-91.17,37.31
-91.54,37.01
-90.67,37.76
-90.87,38.1
-90.61,37.27
-90.38,37.28
-90.37,37.08
-93.73,36.74
-93.9,36.92
-93.22,36.89
-92.76,37.03
-92.62,36.86
-92.01,37.01
-91.91,36.55
-91.81,36.9
-94.6,36.61
-94.32,36.51
-94.51,36.96
-94.37,36.77
-92.51,36.62
-93.35,36.72
-92.88,36.46
-92.78,36.64
-92.14,37.2
-91.59,37.29
-92.24,37.43
-91.98,37.43
-91.83,37.19
-92.96,37.18
-92.89,37.43
-92.47,37.13
-92.59,37.45
-93.29,38.45
-93.09,38.21
-92.6,37.86
-92.99,37.63
-92.93,37.84
-93.17,37.8
-93.14,37.99
-92.37,37.6
-91.66,38.12
-92.68,38.27
-92.48,38.11
-92.96,38.61
-91.91,38.04
-93.55,37.46
-93.26,37.54
-92.36,37.86
-93.7,37.84
-94.36,37.56
-94.44,38.22
-93.02,39.61
-91.81,40.29
-91.6,40.46
-91.82,40.54
-93,38.87
-92.71,38.75
-92.54,38.88
-93.81,37.52
-93.99,39.9
-93.53,37.16
-93.16,37.28
-93.62,38.21
-93.85,38.49
-95.42,40.24
-94.36,39.01
-93.64,38.71
-93.96,38.67
-93.41,38.65
-94,37.09
-90.99,39.13
-90.74,39.01
-93.55,39.65
-93.63,39.89
-92.8,39.92
-92.4,39.65
-93.49,38.91
-91.41,39.36
-91.04,39.35
-92.98,40.43
-92.55,40.39
-91.6,39.52
-92.42,39.3
-93.91,39.43
-93.16,39
-91.8,39.92
-94.18,38.02
-94.16,37.71
-94.4,37.81
-91.8,38.75
-91.75,39.04
-92.41,38.36
-91.55,38.34
-90.62,38.17
-90.33,38.13
-92.6,38.51
-91.89,38.3
-91.73,38.48
-90.01,37.68
-89.78,37.8
-90.85,38.7
-90.62,38.77
-90.2,37.95
-90.42,38.61
-89.87,37
-91.37,38.8
-90.350788,36.889691
-91.441298,37.447411
-94.27162,38.410239
-91.329758,38.424792
-92.949723,36.809938
-91.230335,37.816783
-91.146237,37.606272
-91.022548,36.594972
-89.54479,37.401385
-91.092679,38.296779
-91.96828,38.496272
-90.121478,36.955396
-90.450367,38.31244
-90.905706,37.211494
-91.067552,36.794018
-93.616158,38.02943
-94.014102,38.198119
-94.34082,38.640959
-91.994824,40.17405
-89.812019,37.276711
-91.09988,38.529656
-90.857603,38.385844
-91.376384,39.068508
-90.622666,37.027101
-93.215577,37.089078
-92.186619,36.523289
-92.81062,38.036933
-92.585473,37.680271
-93.527664,37.66323
-92.617529,40.08565
-92.785993,40.220639
-93.594229,38.446245
-91.642286,40.06108
-91.639082,39.760993
-92.018391,39.596012
-92.100768,38.711271
-92.204236,38.490944
-91.622692,36.747675
-92.323565,36.937795
-94.075374,36.621399
-91.551375,37.914645
-94.309068,40.191941
-93.984696,40.315229
-94.475968,37.281755
-92.013722,38.899021
-92.42166,38.639068
-91.501699,38.627482
-92.04491,36.754684
-93.90644,37.695723
-93.412816,37.839003
-94.120189,37.432466
-90.881346,37.848352
-92.109012,37.859924
-93.71259,37.035619
-92.513483,39.834808
-91.83576,39.387098
-89.621601,37.61085
-91.141275,38.023545
-91.41074,38.173237
-93.48086,36.91214
-92.731913,37.243473
-93.332169,38.160999
-92.182746,38.186994
-92.870526,38.378378
-91.868957,37.810286
-94.320392,37.082121
-91.154634,39.000392
-89.99,34.01
-89.99,33.44
-89.04,33.88
-89.21,33.43
-89.62,33.83
-89.88,33.79
-88.36,34.31
-88.42,33.4
-88.42,33.62
-88.62,33.32
-89.42,34.8
-89.41,34.62
-88.25,33.84
-88.51,33.84
-88.52,34.06
-89.62,33.44
-89.78,33.62
-88.94,34.35
-89.05,34.18
-88.52,34.52
-88.78,34.77
-88.89,34.56
-89.15,34.48
-89.78,33.96
-89.68,33.13
-88.54,32.19
-88.89,31.93
-88.59,32.8
-88.74,32.67
-88.63,32.49
-88.74,32.27
-88.89,32.53
-89.36,32.7
-89.05,32.71
-89.26,32.88
-89.04,32.31
-89.26,32.44
-88.34,33.23
-89.83,32.27
-90.03,32.36
-90.08,32.06
-89.55,32.56
-89.65,32.39
-89.4,31.93
-89.55,32.06
-89.61,31.84
-89.27,33.09
-89.4,31.54
-89.71,31.67
-88.64,30.78
-89.11,31.63
-89.37,31.72
-90.2,31.54
-89.75,31.38
-89.9,31.21
-89.24,30.73
-88.54,31.68
-88.84,31.63
-91.01,31.87
-90.2,31.85
-90.41,31.76
-90.61,31.93
-90.74,31.54
-90.53,32.48
-90.68,32.31
-89.88,32.83
-90.08,32.66
-91.22,31.33
-90.041064,33.619823
-88.721503,33.628921
-89.569279,34.479905
-88.208927,34.95787
-90.099147,31.367274
-89.401908,30.969482
-90.760108,32.092767
-89.344042,33.89794
-89.6265,34.669707
-89.83787,34.579671
-88.702804,33.014349
-89.759526,31.969071
-90.430933,32.185066
-90.241569,33.369147
-89.933367,34.192768
-89.944415,31.85355
-90.660823,31.36803
-89.824099,32.612992
-89.941388,33.009471
-88.419408,34.81339
-88.649201,31.039034
-89.145282,31.01695
-88.935959,30.862821
-90.348199,32.016855
-90.41207,31.546465
-90.296196,33.045085
-90.360308,33.999046
-89.316588,34.172904
-90.206932,34.578195
-89.620916,34.162112
-88.854601,33.217668
-88.788532,31.248334
-90.900107,31.36224
-90.283715,32.525394
-90.406277,31.069096
-89.08467,34.93717
-89.141575,34.674635
-89.105334,33.706211
-88.489797,31.972116
-89.921599,31.671491
-89.052788,31.81113
-89.738206,30.858015
-88.687012,31.506139
-91.113259,31.596537
-88.888687,34.050558
-89.11371,33.257927
-89.412103,33.303095
-89.463718,33.621452
-89.527575,33.002726
-89.568543,32.75039
-88.963696,32.963974
-88.976952,31.438393
-88.959989,31.143085
-90.758459,31.737982
-90.308376,31.2367
-77.061834,35.095872
-78.67,34.64
-78.53,34.06
-78.28,33.97
-78.14,34.17
-78.53,34.25
-78.25,34.33
-78.78,34.94
-77.75,34.78
-77.86,35
-77.67,35.42
-79.11,35.33
-78.61,35.53
-78.39,35.64
-77.64,35.08
-77.39,34.53
-77.31,34.78
-77.86,34.39
-77.89,34.61
-80,35.14
-79.86,34.94
-78.89,34.75
-79.11,34.75
-78.42,34.94
-78.36,35.19
-78.28,34.67
-78,35.42
-77.17,35.5
-76.64,35.61
-77.22,36.22
-77.06,36
-76.92,36.14
-76.64,34.94
-76.56,34.75
-77.14,35.28
-76.89,34.92
-77.61,36.03
-76.86,36.53
-77.5,36.19
-77.83,36.42
-77.11,36.39
-77.33,35.94
-76.97,35.83
-78.11,35.89
-77.97,36.14
-77.58,36.47
-76.81,35.11
-77.44,35.78
-78.14,35.69
-77.89,35.83
-77.75,35.67
-80.22,35.11
-81.44,35.61
-81.17,35.58
-79.53,35.58
-80.36,35.75
-80.08,35.72
-80.28,36.22
-81.06,35.31
-81,35.08
-80.67,35.28
-79.94,35.47
-79,36.22
-82.19,35.39
-79.61,35.75
-79.94,35.89
-80.03,36.44
-80.64,35.53
-82,35.28
-81.78,35.19
-80.14,35.33
-80.36,34.86
-80.53,35.11
-78.78,35.72
-78.61,36
-78.11,36.47
-80.56,36.25
-84.28,35.14
-83.97,35.06
-83.72,35.42
-81.92,35.67
-82.19,35.58
-83.61,35.25
-78.567691,34.481184
-78.879969,35.197091
-79.057607,35.057178
-79.335453,35.132069
-79.176247,35.581119
-79.613069,35.194468
-77.531192,34.800291
-81.094272,36.312316
-76.690582,35.336146
-79.784947,35.638991
-80.364253,35.310616
-80.975262,36.117743
-77.998158,34.800742
-79.154994,34.551056
-79.652978,34.809959
-80.171303,35.927505
-79.053022,36.536543
-81.716477,35.535464
-81.807274,35.855398
-79.173527,36.379001
-81.534078,35.382058
-81.411978,35.177558
-79.606453,36.124722
-79.682244,36.328361
-80.725681,35.700162
-83.521438,35.077761
-78.221605,35.424821
-76.736022,35.974262
-78.647718,36.402723
-78.39777,36.35739
-79.695229,35.383434
-78.192722,34.935819
-79.408211,34.705716
-80.228685,35.565959
-80.799603,36.343438
-83.329808,35.222475
-78.677288,35.099439
-80.471413,36.001415
-79.718717,35.954408
-82.506517,35.536416
-74.865084,39.777223
-75.057033,39.321903
-73.275869,40.787104
-83.05546,39.41673
-83.11101,38.88896
-81.656038,39.47087
-95.22,36.76
-95.62,36.79
-95.52,35.96
-97.31,34.71
-97.44,35
-96.33,35.47
-97.98,35.54
-97.84,34.1
-97.94,35.94
-98.54,36.31
-97.24,36.39
-95.97,34.42
-96.14,34.25
-96.08,34.64
-96.39,34.25
-96.22,34.08
-96.33,33.86
-95.39,34.11
-95.69,34.06
-95.92,34.17
-96.28,34.44
-96.28,34.72
-95.03,35.25
-95.25,34.78
-94.72,35.11
-94.81,34.72
-95.03,34.81
-94.86,34.94
-94.67,34.11
-94.67,34.33
-94.92,33.89
-94.97,34.25
-95.14,34.06
-94.53,33.86
-95.72,34.97
-95.81,34.67
-95.19,34.58
-95.56,34.28
-95.75,34.44
-94.64,35.83
-94.81,36.14
-94.86,35.78
-95.86,35.36
-95.97,35.19
-95.72,35.75
-95.5,35.58
-94.69,36.81
-94.97,36.97
-96.270215,36.11631
-96.812554,34.395595
-96.681283,35.605833
-97.090317,33.81989
-96.56643,34.825159
-96.839201,34.948543
-98.135005,35.018335
-98.816358,36.029207
-97.938706,34.573883
-97.83106,34.353018
-96.850924,36.762437
-97.237436,35.768162
-96.862759,34.154774
-97.696043,35.078439
-97.763736,34.752548
-95.867383,33.930857
-95.550714,34.67338
-95.457469,34.460354
-94.814566,36.374376
-95.395082,35.760884
-95.133117,35.717486
-96.054825,36.880399
-96.489602,36.360488
-97.382637,34.281173
-96.154314,35.846309
-96.575515,35.329793
-98.223665,35.195129
-94.492163,34.707179
-95.765145,35.542376
-95.133902,36.331817
-94.765194,35.417937
-96.303674,35.708871
-96.501533,36.154122
-96.020679,36.288926
-97.200678,35.050433
-94.492406,35.239582
-94.551774,34.894567
-94.921823,34.534046
-95.029678,35.936531
-94.86024,36.591912
-95.127881,35.460904
-94.669289,35.605916
-96.105082,36.471034
-96.955499,35.972866
-97.073234,34.777173
-97.279809,34.520097
-96.305806,34.948639
-97.565367,35.902425
-96.833386,33.948457
-96.97157,35.264519
-96.562198,35.077363
-95.341334,35.155515
-95.078919,35.023711
-94.605258,34.542876
-95.096904,36.136831
-95.499357,35.336031
-95.3415,36.411263
-94.924119,35.588898
-96.246273,36.321909
-96.488552,36.612015
-96.787015,36.568329
-98.52875,36.111342
-97.601163,34.268846
-98.937205,36.301575
-96.493053,33.983958
-95.981212,34.890496
-95.608057,35.152959
-95.246848,34.286789
-94.591497,36.197577
-94.491636,35.455963
-97.28791,36.097574
-97.438908,34.040812
-96.125265,35.383679
-96.602485,34.528583
-96.868758,34.663723
-98.507866,35.234708
-98.396132,34.309831
-97.637887,34.484963
-81.393484,32.998084
-81.31064,33.392741
-80.69364,32.226356
-80.444324,32.386394
-80.638867,32.687597
-80.631607,33.195658
-80.327903,33.043774
-80.359041,33.249054
-81.274527,32.717827
-81.024727,32.218814
-81.063664,32.503014
-81.305761,33.855327
-80.161669,33.331638
-80.03008,33.027909
-79.804895,33.357782
-79.835254,33.138868
-79.587719,33.169468
-79.991379,32.809639
-80.3002,34.588493
-79.882641,34.527909
-80.484273,33.611229
-80.199425,33.636067
-79.893485,34.083722
-79.335043,33.274787
-79.164959,33.752716
-80.715455,34.24885
-80.365489,34.414686
-80.24773,34.226421
-79.336328,34.155374
-79.363286,33.966495
-79.668867,34.44188
-81.308815,34.198201
-81.021512,34.218776
-80.886726,34.06303
-80.104077,33.919091
-79.746752,33.810492
-79.783908,33.583517
-82.529339,34.219625
-82.800886,34.588018
-82.608166,34.441404
-82.562728,34.749807
-82.383388,34.46954
-81.585924,35.001383
-80.969869,34.644092
-81.921795,33.716087
-80.923766,34.439795
-82.353114,34.861272
-82.253852,34.251035
-82.199249,34.637255
-82.16631,34.420594
-81.948748,34.332726
-81.588525,34.265474
-83.036122,34.529422
-81.865101,33.915035
-82.004019,34.962187
-81.771852,34.883957
-80.722092,32.507588
-80.381124,32.858945
-81.476904,34.81883
-81.711764,34.442159
-82.786085,35.045335
-81.05136,33.557056
-80.482726,33.427216
-80.107521,34.496117
-79.31976,33.590057
-79.569225,33.522033
-82.220322,35.16134
-81.01555,33.807631
-81.122388,32.916234
-80.578137,34.465111
-81.22735,34.661546
-82.391839,33.969164
-81.312088,34.965001
-81.811427,33.467548
-79.931006,34.294627
-80.376332,33.996645
-81.616197,34.634235
-81.609903,33.5703
-80.870062,33.109047
-79.680285,32.94705
-79.636574,34.227046
-78.96626,33.670182
-79.094177,34.058217
-80.676804,33.928749
-82.103372,33.934466
-81.859961,34.587992
-80.132745,34.718563
-79.684594,34.017256
-82.13368,33.754767
-80.739682,34.776425
-81.484633,33.736426
-81.24313,33.169178
-80.565133,32.990681
-81.161186,33.99954
-80.316044,32.536146
-78.764441,33.893156
-80.515218,34.146301
-79.610917,34.63053
-80.422799,33.795897
-81.19448,34.458454
-81.894603,34.113735
-80.535479,34.661286
-81.642168,34.013896
-81.344217,33.571296
-80.73818,33.425171
-79.849141,34.712687
-83.016268,35.021882
-81.045395,34.903002
-88.5,35.92
-88.78,35.36
-89.22,35.17
-88.83,35.94
-88.36,35.56
-88.42,35.75
-88.36,36.47
-88.78,35.08
-88.67,35.75
-88.89,35.56
-88.89,36.47
-89,36.28
-88.67,36.14
-88.03,35.47
-88.25,35.39
-87.67,35.86
-87.67,36.25
-87.5,35.33
-87.67,35.53
-87.83,36.53
-87.78,35.31
-86.06,35.75
-85.64,36.58
-85.86,35.86
-87.14,35.17
-86.86,35.61
-87.39,36.36
-87.5,36.53
-86.25,35.86
-86.36,35.67
-86.53,36.47
-86.28,36.28
-85.17,35.72
-85.36,35.53
-84.28,36.36
-85.19,36.03
-84.86,36.36
-85.08,36.28
-85.97,35.11
-86.03,35.31
-85.64,35.53
-85.42,35.14
-85.75,35.17
-85.08,36.56
-85.64,35.81
-84.33,36.17
-83.89,35.78
-84.14,35.75
-83,35.89
-83.06,36.53
-84.36,35.36
-84.085739,35.308085
-84.44,35.81
-84.61,35.67
-84.67,35.89
-83.67,35.81
-83.86,36.33
-82.47,36.19
-88.07558,36.472104
-84.916226,36.001631
-85.41525,35.331759
-82.854905,36.305397
-83.027726,36.134785
-82.249817,36.504218
-89.689665,35.215221
-82.001788,36.239779
-84.57753,35.127274
-87.765609,36.044496
-86.267964,35.418974
-84.715795,36.200297
-84.288424,36.540008
-89.043738,35.382563
-88.99229,35.132597
-89.211676,35.528108
-88.096506,35.256853
-87.285652,35.826748
-86.761554,36.397183
-85.62967,36.165254
-84.556298,36.41888
-84.200228,35.519769
-83.427535,35.813715
-88.465859,36.222283
-87.982394,35.828217
-87.978023,36.305762
-87.724672,35.126689
-87.955802,35.064494
-86.912864,36.258102
-87.037908,36.031777
-86.192444,36.59772
-85.469604,35.693621
-83.335285,36.240997
-89.578433,35.001072
-88.0471,36.027233
-88.147036,35.685807
-86.55955,35.551717
-87.196399,35.426047
-86.727896,35.425413
-83.150359,36.345125
-88.523357,35.387755
-87.360086,35.17645
-87.817475,35.691359
-85.789205,35.37498
-85.393299,36.400736
-85.320466,35.855999
-84.730267,35.307177
-84.834956,35.47531
-95.94,30.42
-95.44,29.75
-95.5,29.97
-95.11,31.39
-93.92,31.03
-93.92,30.64
-94.25,29.86
-96.28,31.22
-94.56,30.03
-94.75,30.42
-95.06,30.11
-95.67,30.92
-96.11,30.83
-95.31,30.11
-95.5,30.42
-95.75,30.53
-93.67,30.97
-93.75,30.5
-94.94,30.67
-93.97,31.28
-93.97,31.47
-95.08,30.53
-95.19,30.81
-94.94,31.19
-95.36,31.03
-94.28,30.72
-94.39,30.94
-94.64,30.94
-95.81,30.72
-95.81,30.14
-95.39,31.69
-94.25,33.53
-94.53,33.39
-95.03,32.94
-94.17,33.03
-94.47,32.92
-95.03,32
-95.03,31.72
-95.19,31.58
-95.28,31.89
-94.22,32.47
-94.28,32.69
-94.47,32.5
-95.47,32.08
-96.25,32.31
-94.42,31.5
-94.89,31.58
-94.14,32.11
-94.25,32.28
-94.44,32.11
-94.78,33.39
-95.06,33.47
-95.31,33.83
-95.31,33.61
-94.61,31.86
-94.56,32.28
-94.86,32.11
-93.86,31.64
-94,31.89
-95.08,32.33
-95.39,32.25
-94.75,32.86
-95.33,32.92
-95.937065,31.539227
-96.639905,30.640518
-97.650745,29.800316
-96.552165,29.788684
-96.978121,29.72854
-96.356586,31.811244
-96.871788,33.522801
-98.357156,33.251881
-99.313801,32.008052
-100.526569,29.824179
-100.45065,30.110852
-98.382311,31.032926
-99.808774,29.943508
-97.076112,29.109939
-97.292969,29.524714
-97.306829,32.010857
-99.664562,30.63545
-96.665189,30.309311
-97.571794,29.240929
-97.603637,31.129586
-99.191861,32.317942
-98.79769,32.355527
-98.431888,31.425928
-97.415068,29.843655
-95.543374,33.864996
-96.833681,29.364354
-97.98288,32.60935
-96.539612,30.997102
-97.589679,28.32125
-96.59204,29.162575
-97.674298,27.208206
-97.532892,32.041125
-99.651839,31.966379
-99.049134,32.936759
-96.335254,30.883152
-98.103968,33.881747
-97.07142,29.363633
-98.663327,32.794255
-98.141251,33.60741
-98.24417,33.098832
-97.032467,30.117768
-97.84502,32.934885
-96.525328,31.201092
-97.13667,32.936081
-99.242553,31.624586
-98.022376,32.110474
-98.452842,30.631331
-98.718172,30.672229
-96.782216,30.49181
-96.698867,29.631279
-96.603025,29.409038
-97.528984,28.885852
-96.734797,30.112543
-96.2749,31.585861
-95.899374,33.206069
-98.155455,33.393438
-98.807812,32.979923
-99.056153,32.474726
-98.541171,32.949434
-98.86285,33.455187
-94.887628,31.372851
-94.337427,30.198262
-96.163347,31.404934
-94.990641,30.887101
-94.217605,31.243559
-95.536887,30.647175
-95.266331,33.306398
-95.797286,32.210591
-95.633414,32.345394
-94.364159,31.765107
-95.746483,32.563445
-97.550267,30.029475
-97.063517,33.639821
-96.339105,33.664504
-96.012351,33.725148
-97.185506,29.760513
-97.250279,28.798645
-97.454062,28.46066
-96.212947,32.970115
-97.219298,32.286761
-96.178269,32.501817
-95.494309,33.476271
-97.583762,33.885609
-96.69275,32.033724
-98.492734,30.844226
-99.343269,30.795917
-95.523972,31.509489
-94.637116,30.591276
-96.004285,31.988834
-94.622897,33.563032
-95.243754,32.075873
-94.688008,32.637391
-94.07317,32.850082
-95.018334,32.511794
-96.460338,30.443592
-96.700838,29.922219
-96.393548,31.393986
-97.707455,29.090994
-97.803487,31.99766
-98.98201,31.837821
-98.571037,31.740594
-98.695639,31.080621
-98.811375,32.642197
-95.547721,31.204915
-94.075377,30.421576
-96.158068,31.051837
-93.774079,31.360775
-95.530895,31.859603
-94.217671,33.343106
-96.043854,32.169566
-94.162346,31.674048
-94.924661,32.705115
-95.952904,32.608843
-95.50216,32.725593
-97.980206,33.108481
-97.586512,33.009844
-98.674801,33.172071
-98.186756,29.295008
-98.724543,30.874905
-98.729788,31.498881
-100.170578,32.082419
-99.033969,31.377555
-99.060529,32.730887
-98.109352,30.406902
-94.678406,31.152119
-94.476989,31.254319
-93.951885,30.251215
-95.775537,31.381813
-95.793759,31.94462
-95.706798,31.707326
-94.753516,32.424175
-94.558863,31.679311
-94.841492,33.602161
-94.81801,31.903251
-94.220046,31.937559
-95.350004,31.286358
-94.700316,29.895837
-95.859586,31.019619
-93.667318,30.768554
-94.849937,31.023162
-93.639593,31.19372
-94.19577,31.430897
-95.298135,30.59343
-96.05813,30.008099
-94.613138,33.190168
-94.849878,33.210324
-77.92,36.92
-77.69,36.72
-77.42,37.89
-77.42,38.19
-77.17,38.06
-77.86,37.11
-77.64,36.94
-77.42,37.17
-77,37.89
-77.72,37.75
-77.19,37.47
-76.39,37.56
-76.92,37.47
-76,37.19
-76.36,37.92
-76.75,37.94
-77.14,36.89
-77.94,37.33
-78.81,37.22
-79.56,37.08
-78.78,36.58
-78.44,36.89
-78.53,36.64
-78.28,36.75
-80.58,36.56
-79.58,36.89
-77.72,37.56
-78.53,37.78
-79.14,37.64
-77.83,38.53
-78.08,37.81
-78.56,38.28
-78.31,38.31
-77.92,38.33
-77.61,38.06
-78.83,38.14
-80.17,37.42
-79.47,37.64
-83,36.75
-78.248763,37.670325
-79.523552,37.314877
-78.538007,37.575969
-80.749297,37.312642
-81.927459,36.658078
-82.16445,37.06353
-77.661898,37.247346
-79.043054,36.787043
-78.21499,38.058092
-78.744826,37.718546
-76.630472,37.561432
-76.52001,37.724049
-79.158922,37.305016
-81.176622,37.007038
-78.955439,37.414479
-79.310575,37.144699
-78.134893,37.141626
-80.243161,36.824973
-79.186465,36.966829
-78.148962,36.938048
-79.590372,36.622544
-78.904997,37.851236
-78.862655,38.666206
-75.712597,37.589783
-75.616821,37.793355
-77.395755,36.586188
-76.623327,36.550933
-78.730788,36.830139
-80.264673,36.595655
-78.403168,37.100407
-77.624363,38.625622
-79.722232,37.490769
-81.61095,38.19455
-80.33313,37.83345
-79.99978,38.00012
-81.44429,38.41677
-82.16653,38.41675
-80.99983,38.8612
-82.0832,38.63897
-81.47207,38.66676
-82.3332,38.1112
-81.36095,38.94453
-80.807592,37.515406
-81.777378,38.811823
-82.5175,38.301762
