ind_ID,sppcode,species_frac,admix_frac,lat,long,site,dist_from_rangeedge,sympspp_bin,sympspp_num,hab_suit
QUE002637_mac,mac,0.993696,0.00630400000000009,43.68836,-92.92859,AustinMN,230787.10577974,Y,2,0.803598761558533
QUE002631_mac,mac,0.99996,4.000000000004e-05,43.68481,-92.92696,AustinMN,231067.854693404,Y,2,0.803598761558533
QUE002647_mac,mac,0.99996,4.000000000004e-05,43.677,-92.93769,AustinMN,232245.612876054,Y,2,0.804566264152527
QUE002613_mac,mac,0.99231,0.00768999999999997,42.04141,-93.678679,AmesIA,398180.983409945,Y,3,0.804004669189453
QUE002614_mac,mac,0.993045,0.00695500000000004,42.049533,-93.679052,AmesIA,398116.673864859,Y,3,0.805148720741272
QUE002616_mac,mac,0.99996,4.000000000004e-05,42.030898,-93.632418,AmesIA,402055.02746311,Y,3,0.849085748195648
QUE002617_mac,mac,0.99996,4.000000000004e-05,42.023609,-93.633087,AmesIA,402033.887304417,Y,3,0.853101670742035
QUE002599_mac,mac,0.99996,4.000000000004e-05,44.2261111,-93.471944,SakatahLakeMN,210580.406005883,Y,2,0.818405985832214
QUE002601_mac,mac,0.99996,4.000000000004e-05,44.86798,-93.03203,TwinCitiesMN,139374.855679833,Y,2,0.877583861351013
QUE002638_mac,mac,0.99996,4.000000000004e-05,43.677,-92.93769,AustinMN,232245.612876054,Y,2,0.804566264152527
QUE002615_mac,mac,0.990326,0.00967399999999996,42.036203,-93.639256,AmesIA,401465.371545832,Y,3,0.844156324863434
QUE002595_mac,mac,0.99996,4.000000000004e-05,44.2244444,-93.528333,SakatahLakeMN,214039.974896403,Y,2,0.841579258441925
QUE002634_mac,mac,0.993918,0.00608200000000003,43.68461,-92.92134,AustinMN,230868.008795603,Y,2,0.80232709646225
QUE002590_mac,mac,0.990683,0.00931700000000002,45.38953,-93.19485,CedarCreekMN,129764.664445906,Y,2,0.846661746501923
QUE002608_mac,mac,0.99996,4.000000000004e-05,45.4222222,-93.188056,SakatahLakeMN,128679.389613495,Y,2,0.846595942974091
QUE002641_mac,mac,0.999955,4.50000000000728e-05,43.68531,-92.92292,AustinMN,230861.58446467,Y,2,0.803598761558533
QUE001334_mac,mac,0.988602,0.011398,40.990945,-90.402384,GalesburgIL,435519.865667645,Y,3,0.774079024791718
QUE001337_mac,mac,0.99996,3.9999999999929e-05,40.9904574,-90.405752,GalesburgIL,435778.058006197,Y,3,0.770188391208649
QUE001338_mac,mac,0.99996,4.000000000004e-05,40.9904574,-90.405752,GalesburgIL,435778.058006197,Y,3,0.770188391208649
QUE001339_mac,mac,0.99996,3.9999999999929e-05,40.9904574,-90.405752,GalesburgIL,435778.058006197,Y,3,0.770188391208649
QUE001342_mac,mac,0.99996,4.000000000004e-05,40.9905535,-90.399817,GalesburgIL,435374.496581048,Y,3,0.774079024791718
QUE001343_mac,mac,0.999807,0.000192999999999999,40.989198,-90.398409,GalesburgIL,435371.651734952,Y,3,0.774079024791718
QUE001344_mac,F1,0.477441,0.522559,40.9887178,-90.398239,GalesburgIL,374900.258056089,Y,3,0.771830379962921
QUE001345_mac,mac,0.99996,4.000000000004e-05,40.9887178,-90.398239,GalesburgIL,435392.647938407,Y,3,0.771830379962921
QUE001346_mac,mac,0.99996,4.000000000004e-05,40.9887178,-90.398239,GalesburgIL,435392.647938407,Y,3,0.771830379962921
QUE001347_mac,mac,0.990552,0.00944800000000001,40.98749154,-90.393722,GalesburgIL,435173.389168534,Y,3,0.776782393455505
QUE001348_mac,mac,0.994869,0.005131,40.9878018,-90.393579,GalesburgIL,435142.901095302,Y,3,0.776782393455505
QUE001350_mac,mac,0.999956,4.3999999999933e-05,40.987996,-90.393384,GalesburgIL,435116.767963491,Y,3,0.776782393455505
QUE001351_mac,mac,0.99996,3.9999999999929e-05,40.98879,-90.391843,GalesburgIL,434960.216638654,Y,3,0.776782393455505
QUE001352_mac,mac,0.97864,0.0213599999999999,40.9898984,-90.384677,GalesburgIL,434406.605277676,Y,3,0.778911471366882
QUE001354_bic,bic,0.99995,4.99999999999945e-05,41.7871378,-88.272995,AuroraIL,213191.097040804,Y,3,0.712398648262024
QUE001355_bic,bic,0.99995,4.99999999999945e-05,41.7871378,-88.272995,AuroraIL,213191.097040804,Y,3,0.712398648262024
QUE001356_bic,bic,0.99995,4.99999999999945e-05,41.7873037,-88.273141,AuroraIL,213174.83662828,Y,3,0.715617537498474
QUE001357_bic,bic,0.99995,4.99999999999945e-05,41.7873037,-88.273045,AuroraIL,213173.565506242,Y,3,0.715617537498474
QUE001360_bic,bic,0.99995,4.99999999999945e-05,41.7895934,-88.272206,AuroraIL,212911.360230812,Y,3,0.715617537498474
QUE001366_bic,bic,0.99995,4.99999999999945e-05,43.219807,-90.305408,GothamWI,91423.1708975991,Y,3,0.829280018806458
QUE001368_bic,bic,0.99995,4.99999999999945e-05,43.215162,-90.304929,GothamWI,91806.5165157556,Y,3,0.851641595363617
QUE001370_mac,mac,0.99996,4.000000000004e-05,43.241424,-90.302268,GothamWI,226875.160057027,Y,3,0.804209172725677
QUE001371_mac,mac,0.99996,4.000000000004e-05,43.241424,-90.302268,GothamWI,226875.160057027,Y,3,0.804209172725677
QUE001372_mac,mac,0.99996,3.9999999999929e-05,43.264793,-90.303891,GothamWI,224738.436771501,Y,3,0.795463502407074
QUE001375_bic,bic,0.99995,4.99999999999945e-05,43.240287,-90.302314,GothamWI,89483.7128931347,Y,3,0.848086953163147
QUE001386_bic,bic,0.999943,5.69999999999737e-05,43.264793,-90.303891,GothamWI,87459.7699597806,Y,3,0.854613363742828
QUE001487_mac,mac,0.99996,4.000000000004e-05,41.721525,-87.86057,CranberrySloughIL,224785.787419978,Y,3,0.807923972606659
QUE001526_mac,mac,0.972749,0.027251,41.724335,-87.859901,CranberrySloughIL,224507.028689485,Y,3,0.807923972606659
QUE001527_bic,bic,0.99995,4.99999999999945e-05,41.726608,-87.866086,CranberrySloughIL,205195.334791021,Y,3,0.821940779685974
QUE001528_bic,bic,0.99995,4.99999999999945e-05,41.7258,-87.865461,CranberrySloughIL,205223.73319526,Y,3,0.814952373504639
QUE001529_bic,bic,0.99995,4.99999999999945e-05,41.725382,-87.86371,CranberrySloughIL,205155.954062198,Y,3,0.802630841732025
QUE001530_mac,mac,0.99996,4.000000000004e-05,41.725689,-87.862598,CranberrySloughIL,224529.563416795,Y,3,0.807923972606659
QUE001532_mac,mac,0.998366,0.00163399999999991,41.718072,-87.866357,CranberrySloughIL,225385.862205497,Y,3,0.812552809715271
QUE001533_mac,mac,0.99996,3.9999999999929e-05,41.71809,-87.866302,CranberrySloughIL,225381.445385373,Y,3,0.812552809715271
QUE001534_bic,bic,0.999943,5.69999999999737e-05,41.718213,-87.866311,CranberrySloughIL,205879.686181629,Y,3,0.820099174976349
QUE001536_mac,mac,0.974656,0.025344,41.72124,-87.866644,CranberrySloughIL,225125.771230104,Y,3,0.810704290866852
QUE001537_bic,bic,0.949412,0.050588,42.183259,-87.914855,RyersonWoodsIL,166469.248564906,Y,3,0.824440717697144
QUE001538_bic,bic,0.99995,4.99999999999945e-05,42.183259,-87.914855,RyersonWoodsIL,166469.248564906,Y,3,0.824440717697144
QUE001539_bic,bic,0.99995,4.99999999999945e-05,42.183259,-87.914855,RyersonWoodsIL,166469.248564906,Y,3,0.824440717697144
QUE001541_mac,mac,0.99996,4.000000000004e-05,42.183917,-87.91512,RyersonWoodsIL,190764.393863562,Y,3,0.842251300811768
QUE001542_mac,mac,0.99996,4.000000000004e-05,42.183917,-87.91512,RyersonWoodsIL,190764.393863562,Y,3,0.842251300811768
QUE001543_bic,bic,0.99995,4.99999999999945e-05,42.184283,-87.914622,RyersonWoodsIL,166354.990564932,Y,3,0.824440717697144
QUE001545_bic,bic,0.99995,4.99999999999945e-05,42.184204,-87.913637,RyersonWoodsIL,166361.328693818,Y,3,0.824440717697144
QUE001547_mac,mac,0.99996,4.000000000004e-05,42.183468,-87.9143,RyersonWoodsIL,190745.638795652,Y,3,0.842251300811768
QUE001548_mac,mac,0.99996,4.000000000004e-05,42.183468,-87.9143,RyersonWoodsIL,190745.638795652,Y,3,0.842251300811768
QUE001549_mac,mac,0.980072,0.0199280000000001,42.181511,-87.918994,RyersonWoodsIL,191181.306640661,Y,3,0.842251300811768
QUE001463_alb,alb,0.99995,4.99999999999945e-05,34.933333,-92.414722,LittleRockAR,138790.738307709,Y,3,0.590456128120422
QUE001451_ste,ste,0.99995,4.99999999999945e-05,30.076389,-97.181667,BuescherTX,79399.2786403721,Y,2,0.717161059379578
QUE001452_ste,ste,0.99995,4.99999999999945e-05,30.076389,-97.181667,BuescherTX,79399.2786403721,Y,2,0.717161059379578
QUE001550_bic,bic,0.99995,4.99999999999945e-05,42.177593,-87.920503,RyersonWoodsIL,167112.933443708,Y,3,0.81971675157547
QUE001551_mac,mac,0.992411,0.00758900000000007,42.17597,-87.91698,RyersonWoodsIL,191457.819575665,Y,3,0.840902149677277
QUE001552_bic,bic,0.99995,4.99999999999945e-05,42.17597,-87.91698,RyersonWoodsIL,167283.793912887,Y,3,0.81971675157547
QUE001553_bic,bic,0.99995,4.99999999999945e-05,42.174555,-87.912008,RyersonWoodsIL,167428.602534086,Y,3,0.822544753551483
QUE001554_mac,mac,0.985556,0.014444,42.175674,-87.914878,RyersonWoodsIL,191348.160506938,Y,3,0.840902149677277
QUE001555_bic,bic,0.99995,4.99999999999945e-05,42.175536,-87.914478,RyersonWoodsIL,167325.670347296,Y,3,0.81971675157547
QUE001556_mac,mac,0.968441,0.031559,42.175701,-87.914442,RyersonWoodsIL,191318.989915695,Y,3,0.840902149677277
QUE001388_bic,bic,0.99995,4.99999999999945e-05,43.264793,-90.303891,GothamWI,87459.7699597806,Y,3,0.854613363742828
QUE001400_ste,ste,0.99995,4.99999999999945e-05,32.3582421,-89.547185,BienvilleMS,110715.273285955,Y,2,0.715435802936554
QUE001403_ste,ste,0.99995,4.99999999999945e-05,32.3582421,-89.547185,BienvilleMS,110715.273285955,Y,2,0.715435802936554
QUE001406_ste,ste,0.999944,5.5999999999945e-05,32.3582421,-89.547185,BienvilleMS,110715.273285955,Y,2,0.715435802936554
QUE001408_ste,ste,0.99995,4.99999999999945e-05,32.3582421,-89.547185,BienvilleMS,110715.273285955,Y,2,0.715435802936554
QUE001409_ste,ste,0.99995,4.99999999999945e-05,32.3582421,-89.547185,BienvilleMS,110715.273285955,Y,2,0.715435802936554
QUE001410_ste,ste,0.99995,4.99999999999945e-05,32.3582421,-89.547185,BienvilleMS,110715.273285955,Y,2,0.715435802936554
QUE001411_ste,ste,0.99995,4.99999999999945e-05,32.3582421,-89.547185,BienvilleMS,110715.273285955,Y,2,0.715435802936554
QUE001412_ste,ste,0.99995,4.99999999999945e-05,32.3582421,-89.547185,BienvilleMS,110715.273285955,Y,2,0.715435802936554
QUE001758_alb,alb,0.99995,4.99999999999945e-05,43.10661,-89.80435,PleasantValleyWI,205473.745313352,Y,3,0.646094620227814
QUE001759_mac,mac,0.99996,4.000000000004e-05,43.10698,-89.80825,PleasantValleyWI,222386.210185167,Y,3,0.782730996608734
QUE001804_mac,mac,0.99996,4.000000000004e-05,42.04211,-93.60619,AmesIA,404175.623033464,Y,3,0.836243808269501
QUE001814_mac,mac,0.99996,4.000000000004e-05,40.7056,-91.79416,BonaparteIA,472341.974244862,Y,4,0.815341055393219
QUE001815_alb,alb,0.99995,4.99999999999945e-05,40.70625,-91.79392,BonaparteIA,274298.841365107,Y,4,0.489334255456924
QUE001819_mue,mue,0.99995,4.99999999999945e-05,40.70481,-91.79589,BonaparteIA,222794.397681556,Y,4,0.625813186168671
QUE001839_ste,ste,0.99995,4.99999999999945e-05,37.97291,-92.76217,HaHaTonkaMO,236954.971237241,Y,4,0.683678090572357
QUE001840_mue,mue,0.99995,4.99999999999945e-05,37.973,-92.76217,HaHaTonkaMO,291289.198070521,Y,4,0.858409762382507
QUE001841_alb,alb,0.826333,0.173667,37.97316,-92.76227,HaHaTonkaMO,142234.882640011,Y,4,0.599768340587616
QUE001862_ste,ste,0.99995,4.99999999999945e-05,36.84914,-96.4152,PawhuskaOK,35807.1977308413,Y,3,0.696989715099335
QUE001863_mac,mac,0.99996,4.000000000004e-05,36.84504,-96.42526,PawhuskaOK,128069.341228007,Y,3,0.664107203483582
QUE001893_mue,mue,0.99995,4.99999999999945e-05,35.44809,-98.35347,HintonOK,22500.8842610348,Y,2,0.544173657894135
QUE001916_mac,mac,0.99996,4.000000000004e-05,34.80384,-92.32634,LittleRockAR,10625.4780056386,Y,3,0.313465893268585
QUE001918_alb,alb,0.99995,4.99999999999945e-05,34.80299,-92.32599,LittleRockAR,124435.817345102,Y,3,0.504594445228577
QUE001932_alb,alb,0.99995,4.99999999999945e-05,37.15729,-91.36499,EminenceMO,259274.948837443,Y,4,0.666606664657593
QUE001933_mac,mac,0.984543,0.0154570000000001,37.15687,-91.36471,EminenceMO,150310.120151484,Y,4,0.581730306148529
QUE001783_mac,mac,0.99996,4.000000000004e-05,41.9736,-91.7239,CedarRapidsIA,391132.348918265,Y,3,0.851667642593384
QUE001880_mac,mac,0.99996,4.000000000004e-05,36.2204,-95.89845,TulsaOK,163967.870818919,Y,3,0.759258091449738
QUE001907_mac,mac,0.99996,4.000000000004e-05,35.17688,-97.4497,NormanOK,126516.100242522,Y,2,0.720758020877838
QUE001937_mac,mac,0.99996,4.000000000004e-05,43.90292,-91.63996,WinonaMN,176919.512617882,Y,3,0.78987717628479
QUE001963_mac,mac,0.99996,4.000000000004e-05,49.76137,-99.1604,SpruceWoodsMB,148988.443708221,N,0,0.539027571678162
QUE001971_mac,mac,0.987638,0.012362,49.85783,-97.24911,AssiniboineMB,178611.223928622,N,0,0.921898663043976
QUE001982_mac,mac,0.999957,4.30000000000152e-05,46.0259,-91.14288,RoundLakeWI,21162.2483602508,Y,1,0.704386353492737
QUE002057_mac,mac,0.99996,4.000000000004e-05,38.963586,-98.58906,MinookaKS,29390.5437347223,N,0,0.5048907995224
QUE002074_mac,mac,0.99996,3.9999999999929e-05,39.839311,-88.367745,ChickenbristleIL,320305.483291729,Y,4,0.724680423736572
QUE002075_alb,alb,0.99995,4.99999999999945e-05,39.839311,-88.367745,ChickenbristleIL,538241.743990794,Y,4,0.557858824729919
QUE002081_mac,mac,0.992217,0.00778299999999998,37.51492,-89.4445,ShawneeIL,64327.1147154206,Y,4,0.625443816184998
QUE002082_mac,mac,0.99996,4.000000000004e-05,37.51639,-89.44535,ShawneeIL,64506.5307826247,Y,4,0.624661266803741
QUE002085_mac,mac,0.99996,4.000000000004e-05,38.7362,-86.41257,SpringMillIN,255700.805521549,Y,4,0.530303299427032
QUE002091_alb,alb,0.999945,5.50000000000272e-05,38.73631,-86.41434,SpringMillIN,544191.065284552,Y,4,0.636961698532104
QUE002098_mue,mue,0.99995,4.99999999999945e-05,38.73743,-86.41263,SpringMillIN,307820.226061281,Y,4,0.764142155647278
QUE002105_mac,mac,0.977309,0.022691,40.45916,-85.50807,TaylorIN,257536.336520818,Y,3,0.694707334041595
QUE002108_alb,alb,0.99995,4.99999999999945e-05,40.45911,-85.50917,TaylorIN,444759.658799367,Y,3,0.635905146598816
QUE002121_alb,alb,0.99995,4.99999999999945e-05,41.65738,-87.06045,DunesIN,375224.215535107,Y,3,0.68748927116394
QUE002129_mac,mac,0.99996,3.9999999999929e-05,41.9623302,-73.313005,LitchfieldCT,10627.3538876742,Y,3,0.158144563436508
QUE002133_mac,mac,0.869393,0.130607,42.1666494,-73.41209,BerkshireMA,1022.65915873768,Y,3,0.259757339954376
QUE002138_alb,alb,0.99995,4.99999999999945e-05,43.604683,-73.180401,RutlandVT,15259.5438222203,Y,3,0.687053620815277
QUE002154_mac,mac,0.975779,0.024221,44.4006814,-73.23757,BurlingtonVT,7876.73754475072,Y,3,0.866054475307465
QUE002155_alb,alb,0.523747,0.476253,44.4463947,-73.220154,BurlingtonVT,3807.89043834205,Y,3,0.731591463088989
QUE002187_mac,mac,0.972907,0.0270929999999999,38.51089,-90.55987,EurekaMO,209432.880767691,Y,4,0.775501847267151
QUE002188_ste,ste,0.99995,4.99999999999945e-05,38.51146,-90.55917,EurekaMO,123124.2801962,Y,4,0.685835897922516
QUE002189_mue,mue,0.99995,4.99999999999945e-05,38.51135,-90.55921,EurekaMO,208531.247262618,Y,4,0.879443228244781
QUE002196_bic,bic,0.99995,4.99999999999945e-05,38.22667,-91.08296,SullivanMO,6338.26492107422,Y,4,0.623133659362793
QUE002209_ste,ste,0.99995,4.99999999999945e-05,38.21813,-91.08355,SullivanMO,174903.101785943,Y,4,0.684660792350769
QUE002210_alb,alb,0.99995,4.99999999999945e-05,38.21718,-91.08636,SullivanMO,289180.75031047,Y,4,0.631681561470032
QUE002219_ste,ste,0.99995,4.99999999999945e-05,38.21786,-91.09209,SullivanMO,175361.853294495,Y,4,0.684261441230774
QUE002247_mue,mue,0.99995,4.99999999999945e-05,38.97887,-94.80495,ShawneeMissionKS,156727.337286455,Y,4,0.827309012413025
QUE002251_mac,mac,0.99996,4.000000000004e-05,38.98007,-94.8052,ShawneeMissionKS,254348.391135328,Y,4,0.784808337688446
QUE002252_ste,ste,0.99995,4.99999999999945e-05,38.98014,-94.80504,ShawneeMissionKS,35534.8518572162,Y,4,0.687073767185211
QUE002253_alb,alb,0.999948,5.2000000000052e-05,38.9803,-94.80532,ShawneeMissionKS,727.189860089305,Y,4,0.357804536819458
QUE002285_mue,mue,0.99995,4.99999999999945e-05,38.8087,-95.19389,BaldwinKS,123860.897772521,Y,4,0.826412796974182
QUE002302_mac,mac,0.999955,4.49999999999617e-05,39.10339,-96.59616,KonzaKS,126005.462946005,Y,2,0.776753008365631
QUE002303_mue,mue,0.99995,4.99999999999945e-05,39.10158,-96.59982,KonzaKS,45228.2256908648,Y,2,0.716400861740112
QUE002304_mac,mac,0.99996,4.000000000004e-05,39.10791,-96.60469,KonzaKS,125711.174626757,Y,2,0.778201818466187
QUE002326_mac,mac,0.528156,0.471844,43.85323,-83.923,PinconningMI,46771.3481882673,Y,2,0.752364635467529
QUE002336_mac,mac,0.99996,4.000000000004e-05,42.30836,-83.75671,AnnArborMI,97817.2412759957,Y,3,0.742943108081818
QUE002337_alb,alb,0.99995,4.99999999999945e-05,42.30474,-83.7508,AnnArborMI,201137.360220892,Y,3,0.607199311256409
QUE002355_alb,alb,0.987758,0.012242,42.76662,-84.39114,EastLansingMI,228729.158892925,Y,3,0.634829699993134
QUE002361_bic,F1,0.479334,0.520666,42.76526,-84.38254,EastLansingMI,70436.1510441968,Y,3,0.790275990962982
QUE002367_mac,mac,0.99996,4.000000000004e-05,43.01685,-90.11481,DodgevilleWI,241477.04892215,Y,3,0.749236762523651
QUE002399_alb,alb,0.99995,4.99999999999945e-05,43.01706,-88.43531,OttawaWI,201512.978965259,Y,3,0.638762474060059
QUE002400_mac,mac,0.991394,0.008606,43.01607,-88.43513,OttawaWI,172461.211640864,Y,3,0.806708931922913
QUE002424_mac,mac,0.99996,4.000000000004e-05,44.36388,-93.93543,OttawaBluffsMN,230217.894356187,Y,2,0.859787046909332
QUE002471_mac,mac,0.994201,0.005799,40.73122,-83.09328,DaughmerOH,99069.9457130959,Y,3,0.68144679069519
QUE002480_mac,mac,0.99996,3.9999999999929e-05,41.55069,-84.35969,GollWoodsOH,193026.656916924,Y,3,0.725952446460724
QUE002481_mue,mue,0.99995,4.99999999999945e-05,41.55096,-84.35846,GollWoodsOH,157579.246490543,Y,3,0.62162709236145
QUE002493_alb,alb,0.99995,4.99999999999945e-05,41.5522,-84.35895,GollWoodsOH,291460.950849542,Y,3,0.634730696678162
QUE002526_alb,alb,0.99995,4.99999999999945e-05,42.18327,-87.91426,RyersonWoodsIL,299547.771349676,Y,3,0.623619079589844
QUE002528_bic,bic,0.99995,4.99999999999945e-05,42.18431,-87.91628,RyersonWoodsIL,166356.174789077,Y,3,0.824440717697144
QUE002535_alb,alb,0.981374,0.018626,41.82519,-87.93085,FullersburgWoodsIL,338362.722036658,Y,3,0.593897521495819
QUE002579_mac,mac,0.990419,0.00958100000000006,43.81684,-103.25005,CusterSD,26206.9776902486,N,0,0.132400676608086
QUE002364_mac,mac,0.99995,4.99999999999945e-05,43.01643,-90.11418,DodgevilleWI,241496.952100615,Y,3,0.749236762523651
QUE002369_mac,mac,0.993272,0.00672800000000007,43.02128,-90.11695,DodgevilleWI,241108.970165477,Y,3,0.739792108535767
QUE002370_alb,alb,0.99995,4.99999999999945e-05,43.02158,-90.1181,DodgevilleWI,223403.900501406,Y,3,0.640711724758148
QUE002371_mac,mac,0.99996,4.000000000004e-05,43.02073,-90.11771,DodgevilleWI,241190.838252448,Y,3,0.739792108535767
QUE002373_mac,mac,0.99996,4.000000000004e-05,43.0193,-90.11692,DodgevilleWI,241306.080414142,Y,3,0.739792108535767
QUE002374_mac,mac,0.99996,3.9999999999929e-05,43.01828,-90.11701,DodgevilleWI,241411.355103525,Y,3,0.739792108535767
QUE002375_alb,alb,0.99995,4.99999999999945e-05,43.01817,-90.11679,DodgevilleWI,223787.843291423,Y,3,0.640711724758148
QUE001610_mac,mac,0.989121,0.010879,41.81347,-88.06293,MortonArbIL,228097.78243531,Y,3,0.776197135448456
QUE001796_mac,mac,0.994381,0.00561900000000004,42.03033,-93.632,AmesIA,402092.221386499,Y,3,0.849085748195648
QUE001846_alb,alb,0.99995,4.99999999999945e-05,37.97414,-92.76266,HaHaTonkaMO,142196.771433755,Y,4,0.599768340587616
QUE001871_ste,ste,0.934483,0.065517,36.84354,-96.4292,PawhuskaOK,35416.5026268177,Y,3,0.696040153503418
QUE001877_ste,F1,0.560517,0.439483,36.84541,-96.41918,PawhuskaOK,35870.4416886005,Y,3,0.696941912174225
QUE001878_mac,mac,0.99996,4.000000000004e-05,36.2107,-95.89476,TulsaOK,162843.408840146,Y,3,0.750124394893646
QUE001882_mac,mac,0.935414,0.064586,36.22064,-95.89876,TulsaOK,164002.055737366,Y,3,0.759258091449738
QUE001885_alb,F1,0.504339,0.495661,36.21812,-95.90014,TulsaOK,14769.5858554547,Y,3,0.251877278089523
QUE001886_mac,F1,0.613884,0.386116,35.45351,-98.35412,HintonOK,22682.1109109425,Y,2,0.591780185699463
QUE001898_mue,F1,0.488558,0.511442,35.44085,-98.35471,HintonOK,22082.3578298544,Y,2,0.528997004032135
QUE001900_mac,mac,0.992859,0.00714099999999995,35.43874,-98.35495,HintonOK,52004.8332602543,Y,2,0.603188812732697
QUE001904_mac,mac,0.990366,0.00963399999999992,35.17705,-97.44921,NormanOK,126562.73361643,Y,2,0.720758020877838
QUE001912_mac,mac,0.99996,4.000000000004e-05,35.17722,-97.45003,NormanOK,126490.519765839,Y,2,0.720758020877838
QUE001920_alb,F1,0.489027,0.510973,34.80306,-92.32555,LittleRockAR,10549.0541859388,Y,3,0.504594445228577
QUE001922_mac,F1,0.499107,0.500893,34.8028,-92.32557,LittleRockAR,10520.3020199673,Y,3,0.313465893268585
QUE001923_ste,F1,0.528147,0.471853,34.80348,-92.3259,LittleRockAR,10591.0774037109,Y,3,0.664921224117279
QUE001924_mac,mac,0.99996,4.000000000004e-05,34.80377,-92.32698,LittleRockAR,10610.3963139515,Y,3,0.313465893268585
QUE001925_ste,F1,0.526049,0.473951,34.80427,-92.32652,LittleRockAR,10670.5650324499,Y,3,0.664921224117279
QUE001928_mac,mac,0.99996,4.000000000004e-05,34.80445,-92.32612,LittleRockAR,10694.9372407787,Y,3,0.313465893268585
QUE001929_mac,mac,0.99996,4.000000000004e-05,37.1574,-91.36496,EminenceMO,150371.038963971,Y,4,0.581730306148529
QUE001930_mue,mue,0.99995,4.99999999999945e-05,37.1574,-91.36496,EminenceMO,140262.393760919,Y,4,0.803578495979309
QUE001936_mac,mac,0.99996,3.9999999999929e-05,37.15758,-91.36513,EminenceMO,150396.058329637,Y,4,0.577578246593475
QUE001938_mue,mue,0.99995,4.99999999999945e-05,43.903,-91.63986,WinonaMN,27461.7754816283,Y,3,0.0762303099036217
QUE001943_alb,alb,0.99995,4.99999999999945e-05,43.89158,-91.64829,WinonaMN,121504.606304029,Y,3,0.622379243373871
QUE001959_mac,mac,0.999568,0.000432000000000099,49.71187,-95.24456,WhiteshellMB,95341.1553300495,N,0,0.626281082630157
QUE001969_mac,mac,0.99996,4.000000000004e-05,49.76055,-99.15844,SpruceWoodsMB,149105.942030796,N,0,0.539027571678162
QUE001980_mac,mac,0.99996,4.000000000004e-05,46.02383,-91.14557,RoundLakeWI,21463.3766729114,Y,1,0.707442224025726
QUE001985_mac,mac,0.992284,0.00771600000000006,46.0244,-91.12945,RoundLakeWI,20395.0792775949,Y,1,0.704577684402466
QUE002058_mac,mac,0.987491,0.012509,38.963586,-98.58906,MinookaKS,29390.5437347223,N,0,0.5048907995224
QUE002068_mac,mac,0.99996,4.000000000004e-05,38.842944,-97.588909,SalinaKS,45743.9443440596,Y,1,0.726357400417328
QUE002069_mac,mac,0.999952,4.8000000000048e-05,38.842944,-97.588909,SalinaKS,45743.9443440596,Y,1,0.726357400417328
QUE002072_mac,mac,0.99996,4.000000000004e-05,39.839311,-88.367745,ChickenbristleIL,320305.483291729,Y,4,0.724680423736572
QUE002073_mac,mac,0.99996,4.000000000004e-05,39.839311,-88.367745,ChickenbristleIL,320305.483291729,Y,4,0.724680423736572
QUE002076_mac,mac,0.99996,3.9999999999929e-05,39.839311,-88.367745,ChickenbristleIL,320305.483291729,Y,4,0.724680423736572
QUE002083_mac,mac,0.99996,4.000000000004e-05,37.51651,-89.44542,ShawneeIL,64521.1975124718,Y,4,0.624661266803741
QUE002084_mac,mac,0.99996,4.000000000004e-05,37.51726,-89.44584,ShawneeIL,64612.2788860619,Y,4,0.624661266803741
QUE002087_mac,mac,0.99996,3.9999999999929e-05,38.73603,-86.41255,SpringMillIN,255685.058291694,Y,4,0.530303299427032
QUE002096_mac,mac,0.99996,4.000000000004e-05,38.73833,-86.41346,SpringMillIN,255933.174000926,Y,4,0.530303299427032
QUE002099_mue,F1,0.414655,0.585345,40.45791,-85.50685,TaylorIN,252489.340586235,Y,3,0.651010870933533
QUE002106_mac,F1,0.505513,0.494487,40.45911,-85.50878,TaylorIN,257587.976891988,Y,3,0.694707334041595
QUE002109_alb,alb,0.99995,4.99999999999945e-05,40.45916,-85.50973,TaylorIN,444789.991764218,Y,3,0.635905146598816
QUE002110_mac,mac,0.979481,0.020519,41.53273,-87.2948,HobartIN,217455.81180723,Y,3,0.776525318622589
QUE002114_mac,mac,0.99996,4.000000000004e-05,41.53403,-87.29146,HobartIN,217205.08112696,Y,3,0.776525318622589
QUE002119_mac,mac,0.994861,0.005139,41.53239,-87.29708,HobartIN,217572.254556968,Y,3,0.777290344238281
QUE002124_alb,alb,0.999942,5.80000000000025e-05,41.65955,-87.06218,DunesIN,374948.489830913,Y,3,0.685680389404297
QUE002128_alb,alb,0.99995,4.99999999999945e-05,41.65947,-87.04994,DunesIN,375305.252767606,Y,3,0.688595533370972
QUE002132_mac,F1,0.411431,0.588569,42.1665869,-73.412025,BerkshireMA,1014.84044225488,Y,3,0.259757339954376
QUE002134_mac,mac,0.936967,0.063033,42.9102876,-73.219556,BenningtonVT,10972.989188377,Y,3,0.557554006576538
QUE002135_mac,mac,0.9522,0.0478000000000001,42.910269,-73.219522,BenningtonVT,10976.4470526724,Y,3,0.557554006576538
QUE002136_mac,mac,0.967671,0.0323290000000001,42.909897,-73.218712,BenningtonVT,11053.8255704426,Y,3,0.557554006576538
QUE002139_mac,mac,0.521497,0.478503,43.5836123,-73.202578,RutlandVT,28196.7712695696,Y,3,0.740544676780701
QUE002140_mac,mac,0.928714,0.0712860000000001,43.7432343,-73.04841,RutlandVT,21087.0647304289,Y,3,0.738107800483704
QUE002141_mac,mac,0.920442,0.079558,43.9166704,-73.19356,AddisonVT,1302.80751469436,Y,3,0.742590010166168
QUE002143_mac,mac,0.901979,0.098021,43.951352,-73.222777,AddisonVT,1808.80973038648,Y,3,0.757223963737488
QUE002147_mac,mac,0.94179,0.05821,44.0059347,-73.148044,AddisonVT,3596.97488835052,Y,3,0.718905389308929
QUE002148_mac,mac,0.970374,0.0296259999999999,44.2343287,-73.243211,FerrisburghVT,7537.95675940289,Y,3,0.822869062423706
QUE002149_alb,F1,0.502453,0.497547,44.2354233,-73.243422,FerrisburghVT,7583.41946569319,Y,3,0.697882235050201
QUE002150_mac,mac,0.926775,0.0732250000000001,44.2339356,-73.243122,FerrisburghVT,7520.60167513613,Y,3,0.824793696403503
QUE002151_mac,mac,0.954805,0.045195,44.2643368,-73.249727,FerrisburghVT,8665.70915739799,Y,3,0.840611100196838
QUE002157_alb,alb,0.567166,0.432834,44.44643,-73.220373,BurlingtonVT,3822.95066103924,Y,3,0.731591463088989
QUE002159_mac,mac,0.953411,0.046589,44.5792499,-73.165539,BurlingtonVT,1571.61747140802,Y,3,0.873565495014191
QUE002160_mac,mac,0.984949,0.015051,44.6675241,-73.344894,GrandIsleVT,4449.56402727766,Y,3,0.875625491142273
QUE002161_mac,mac,0.957487,0.042513,44.7174297,-73.32585,GrandIsleVT,5083.12730438991,Y,3,0.878821432590485
QUE002166_mac,mac,0.994395,0.00560499999999997,38.46385,-90.80547,ShawMO,218540.947712186,Y,4,0.717524886131287
QUE002170_mac,mac,0.999958,4.19999999999865e-05,38.46187,-90.81498,ShawMO,218918.672082846,Y,4,0.714807093143463
QUE002175_mac,mac,0.99996,4.000000000004e-05,38.46608,-90.8094,ShawMO,218952.534951824,Y,4,0.713761329650879
QUE002176_alb,alb,0.99995,4.99999999999945e-05,38.51339,-90.57564,EurekaMO,334982.225500876,Y,4,0.603527367115021
QUE002180_ste,ste,0.99995,4.99999999999945e-05,38.51456,-90.57724,EurekaMO,123548.042112445,Y,4,0.691254734992981
QUE002194_mac,mac,0.99996,4.000000000004e-05,38.22685,-91.08245,SullivanMO,217442.683905025,Y,4,0.636002480983734
QUE002195_ste,ste,0.99995,4.99999999999945e-05,38.22665,-91.08285,SullivanMO,174097.479156584,Y,4,0.686362385749817
QUE002202_mac,mac,0.99996,4.000000000004e-05,38.22441,-91.08194,SullivanMO,217235.757448198,Y,4,0.633964955806732
QUE002216_alb,alb,0.99995,4.99999999999945e-05,38.21713,-91.09208,SullivanMO,288680.047641204,Y,4,0.632276833057404
QUE002225_alb,alb,0.999948,5.2000000000052e-05,38.21733,-91.09339,SullivanMO,288566.273301243,Y,4,0.632276833057404
QUE002226_mue,mue,0.99995,4.99999999999945e-05,37.15758,-91.30513,ShawneeMissionKS,136942.532225264,Y,4,0.802590906620026
QUE002229_ste,ste,0.99995,4.99999999999945e-05,38.97864,-94.80724,ShawneeMissionKS,35407.2760010667,Y,4,0.688235998153687
QUE002232_alb,alb,0.99995,4.99999999999945e-05,38.97918,-94.80692,ShawneeMissionKS,747.504388465176,Y,4,0.362386077642441
QUE002240_ste,ste,0.99995,4.99999999999945e-05,38.97934,-94.80537,ShawneeMissionKS,35536.0535860834,Y,4,0.688235998153687
QUE002256_mac,mac,0.99996,4.000000000004e-05,38.98048,-94.80568,ShawneeMissionKS,254326.965641612,Y,4,0.784808337688446
QUE002261_alb,alb,0.99995,4.99999999999945e-05,38.9813,-94.80572,ShawneeMissionKS,616.746901227877,Y,4,0.357804536819458
QUE002265_mac,mac,0.996933,0.00306699999999993,38.98141,-94.81036,ShawneeMissionKS,253990.259171477,Y,4,0.789041578769684
QUE002267_mue,mue,0.99995,4.99999999999945e-05,38.80954,-95.18853,BaldwinKS,124334.570151589,Y,4,0.826466679573059
QUE002268_mac,mac,0.971528,0.0284719999999999,38.80951,-95.18855,BaldwinKS,216471.419041326,Y,4,0.762401700019836
QUE002269_alb,alb,0.99995,4.99999999999945e-05,38.80958,-95.18916,BaldwinKS,5304.89425057293,Y,4,0.376787930727005
QUE002275_alb,alb,0.99995,4.99999999999945e-05,38.8089,-95.19019,BaldwinKS,5372.11818958913,Y,4,0.376787930727005
QUE002290_mue,mue,0.99995,4.99999999999945e-05,38.80832,-95.19458,BaldwinKS,123792.10808525,Y,4,0.826412796974182
QUE002291_mac,mac,0.99996,4.000000000004e-05,38.80803,-95.19508,BaldwinKS,215883.194531211,Y,4,0.756833493709564
QUE002299_mac,mac,0.99996,4.000000000004e-05,39.10691,-96.60616,KonzaKS,125542.903871079,Y,2,0.782805860042572
QUE002310_mue,mue,0.99995,4.99999999999945e-05,39.10761,-96.6074,KonzaKS,45754.4377443302,Y,2,0.718166410923004
QUE002313_alb,alb,0.99995,4.99999999999945e-05,41.86308,-85.74551,ThreeRiversMI,366225.72934896,Y,3,0.646950840950012
QUE002314_alb,alb,0.99995,4.99999999999945e-05,41.74568,-85.74568,ThreeRiversMI,375387.895678492,Y,3,0.634350895881653
QUE002315_alb,alb,0.99995,4.99999999999945e-05,41.86175,-85.74576,ThreeRiversMI,366365.855805821,Y,3,0.646950840950012
QUE002319_alb,alb,0.99995,4.99999999999945e-05,41.86398,-85.74573,ThreeRiversMI,366146.119323052,Y,3,0.646950840950012
QUE002324_alb,alb,0.99995,4.99999999999945e-05,41.86993,-85.74568,ThreeRiversMI,365561.179291192,Y,3,0.645104467868805
QUE002331_mac,mac,0.866935,0.133065,43.84822,-83.92385,PinconningMI,46212.0326960144,Y,2,0.757232248783112
QUE002335_mac,mac,0.855337,0.144663,43.85714,-83.92524,PinconningMI,47169.5171728938,Y,2,0.75828891992569
QUE002338_mac,mac,0.991579,0.00842100000000001,42.30404,-83.74966,AnnArborMI,98088.210080912,Y,3,0.748289406299591
QUE002339_alb,alb,0.99995,4.99999999999945e-05,42.30204,-83.75024,AnnArborMI,201255.325882374,Y,3,0.607199311256409
QUE002341_mac,mac,0.93491,0.0650900000000001,42.30153,-83.75108,AnnArborMI,98389.7024056934,Y,3,0.748289406299591
QUE002342_alb,alb,0.979492,0.020508,42.30881,-83.75718,AnnArborMI,201349.737836718,Y,3,0.612440347671509
QUE002346_alb,alb,0.99995,4.99999999999945e-05,42.76774,-84.39124,EastLansingMI,228704.423137839,Y,3,0.634829699993134
QUE002347_bic,bic,0.949459,0.0505409999999999,42.76743,-84.3908,EastLansingMI,77632.8580068875,Y,3,0.801513850688934
QUE002351_alb,alb,0.983021,0.016979,42.76807,-84.39044,EastLansingMI,228631.593562759,Y,3,0.634829699993134
QUE002362_alb,alb,0.99995,4.99999999999945e-05,42.76512,-84.38236,EastLansingMI,228079.368753046,Y,3,0.640728175640106
QUE002379_mac,mac,0.99996,4.000000000004e-05,43.02037,-90.11654,DodgevilleWI,241185.578623834,Y,3,0.739792108535767
QUE002383_alb,alb,0.99995,4.99999999999945e-05,43.01563,-90.11357,DodgevilleWI,224084.329851404,Y,3,0.637865364551544
QUE002384_mac,mac,0.99996,4.000000000004e-05,43.01546,-88.44251,OttawaWI,172749.022778172,Y,3,0.804378390312195
QUE002385_alb,F1,0.505293,0.494707,43.01574,-88.44255,OttawaWI,172721.435865827,Y,3,0.638739168643951
QUE002392_alb,alb,0.99995,4.99999999999945e-05,43.01792,-88.43778,OttawaWI,201398.057040634,Y,3,0.638762474060059
QUE002393_mac,mac,0.989453,0.0105470000000001,43.01838,-88.43741,OttawaWI,172292.685791991,Y,3,0.806708931922913
QUE002404_mac,mac,0.99996,3.9999999999929e-05,43.03952,-89.43194,MadisonWI,214060.264929888,Y,3,0.761949479579926
QUE002410_alb,alb,0.986599,0.013401,43.03918,-89.43919,MadisonWI,203253.656303091,Y,3,0.628838300704956
QUE002411_mac,mac,0.99996,4.000000000004e-05,43.03939,-89.43954,MadisonWI,214487.617612301,Y,3,0.752397835254669
QUE002416_alb,alb,0.99995,4.99999999999945e-05,43.03971,-89.44242,MadisonWI,203260.818173805,Y,3,0.628838300704956
QUE002417_mac,mac,0.99996,4.000000000004e-05,43.03966,-89.44229,MadisonWI,214616.462619235,Y,3,0.752397835254669
QUE002422_alb,alb,0.99995,4.99999999999945e-05,43.03713,-89.44103,MadisonWI,203510.887489886,Y,3,0.628838300704956
QUE002427_mac,mac,0.99996,4.000000000004e-05,44.36388,-93.93543,OttawaBluffsMN,230217.894356187,Y,2,0.859787046909332
QUE002430_mac,mac,0.99996,4.000000000004e-05,44.36413,-93.93551,OttawaBluffsMN,230207.411541391,Y,2,0.859787046909332
QUE002433_mac,mac,0.99996,4.000000000004e-05,45.53,-94.23291,QuarryParkMN,204672.922608325,Y,1,0.801243185997009
QUE002443_mac,mac,0.99996,4.000000000004e-05,45.53088,-94.23989,QuarryParkMN,205165.55778923,Y,1,0.801243185997009
QUE002445_mac,mac,0.99996,4.000000000004e-05,44.98602,-93.18341,TwinCitiesMN,143336.285611375,Y,2,0.847286939620972
QUE002450_mac,mac,0.99996,4.000000000004e-05,44.99094,-93.19437,TwinCitiesMN,143855.253534345,Y,2,0.842754006385803
QUE002453_mac,mac,0.99996,4.000000000004e-05,44.97771,-93.23801,TwinCitiesMN,147596.688490449,Y,2,0.875175654888153
QUE002454_mac,mac,0.99996,4.000000000004e-05,41.08874,-85.12054,FortWayneIN,229017.144736956,Y,3,0.774936258792877
QUE002459_mac,mac,0.99996,4.000000000004e-05,41.08937,-85.11921,FortWayneIN,228954.957956132,Y,3,0.774936258792877
QUE002460_mac,mac,0.974922,0.025078,40.0436,-83.47987,PearlKingOH,84424.8366263249,Y,4,0.6226966381073
QUE002467_mac,mac,0.969556,0.030444,40.04436,-83.47891,PearlKingOH,84409.0369452441,Y,4,0.6226966381073
QUE002474_mac,mac,0.993938,0.00606200000000001,40.73036,-83.09472,DaughmerOH,99100.9893887488,Y,3,0.68144679069519
QUE002478_mac,mac,0.99996,4.000000000004e-05,40.72819,-83.09294,DaughmerOH,98830.596393507,Y,3,0.68144679069519
QUE002484_mue,mue,0.99995,4.99999999999945e-05,41.55111,-84.35754,GollWoodsOH,157545.26841201,Y,3,0.62162709236145
QUE002487_alb,alb,0.993666,0.00633399999999995,41.55184,-84.35523,GollWoodsOH,291252.149995228,Y,3,0.634730696678162
QUE002488_mue,mue,0.99995,4.99999999999945e-05,41.55179,-84.35439,GollWoodsOH,157411.174182438,Y,3,0.62162709236145
QUE002492_mac,mac,0.99996,4.000000000004e-05,41.55453,-84.35494,GollWoodsOH,192495.13627344,Y,3,0.725952446460724
QUE002494_alb,alb,0.99995,4.99999999999945e-05,41.55399,-84.36051,GollWoodsOH,291429.747336894,Y,3,0.634218513965607
QUE002495_alb,alb,0.99995,4.99999999999945e-05,41.71554,-87.86613,CranberrySloughIL,351306.343584408,Y,3,0.640336275100708
QUE002496_mac,mac,0.99996,4.000000000004e-05,41.71553,-87.86614,CranberrySloughIL,225595.428859085,Y,3,0.812552809715271
QUE002502_mac,mac,0.99996,4.000000000004e-05,41.71129,-87.86589,CranberrySloughIL,225951.128915145,Y,3,0.817246496677399
QUE002503_alb,alb,0.99995,4.99999999999945e-05,41.71076,-87.86585,CranberrySloughIL,351832.709331406,Y,3,0.642623424530029
QUE002510_mac,mac,0.994768,0.00523200000000001,41.70489,-87.86563,CranberrySloughIL,226494.891196582,Y,3,0.822794318199158
QUE002511_alb,alb,0.99995,4.99999999999945e-05,41.70382,-87.86566,CranberrySloughIL,352593.689438841,Y,3,0.641776442527771
QUE002515_mac,mac,0.99996,4.000000000004e-05,41.35763,-88.3248,GooseLakeIL,280571.959647825,Y,3,0.826439797878265
QUE002518_mac,mac,0.99996,4.000000000004e-05,41.35543,-88.31912,GooseLakeIL,280460.427065908,Y,3,0.826518476009369
QUE002520_mac,mac,0.99996,4.000000000004e-05,41.35823,-88.3248,GooseLakeIL,280520.395260054,Y,3,0.826439797878265
QUE002521_mac,mac,0.99996,4.000000000004e-05,42.18309,-87.91367,RyersonWoodsIL,190733.649831661,Y,3,0.842251300811768
QUE002522_alb,alb,0.99995,4.99999999999945e-05,42.18346,-87.91339,RyersonWoodsIL,299541.541144516,Y,3,0.631962954998016
QUE002529_bic,bic,0.99995,4.99999999999945e-05,42.18461,-87.91605,RyersonWoodsIL,166322.28493537,Y,3,0.824440717697144
QUE002531_bic,bic,0.99995,4.99999999999945e-05,42.18361,-87.91519,RyersonWoodsIL,166431.121841706,Y,3,0.824440717697144
QUE002533_mac,mac,0.99996,3.9999999999929e-05,42.18369,-87.91427,RyersonWoodsIL,190727.659871277,Y,3,0.842251300811768
QUE002534_alb,alb,0.99995,4.99999999999945e-05,42.18271,-87.91479,RyersonWoodsIL,299599.91253856,Y,3,0.623619079589844
QUE002542_mac,mac,0.99996,4.000000000004e-05,41.82484,-87.93243,FullersburgWoodsIL,219846.464148978,Y,3,0.808754682540894
QUE002544_alb,alb,0.99995,4.99999999999945e-05,41.82534,-87.93216,FullersburgWoodsIL,338327.40868652,Y,3,0.59301620721817
QUE002555_alb,alb,0.999947,5.29999999999697e-05,41.82584,-87.93339,FullersburgWoodsIL,338254.987513736,Y,3,0.59301620721817
QUE002556_bic,bic,0.982021,0.017979,41.82472,-87.96408,FullersburgWoodsIL,203460.599888928,Y,3,0.746657490730286
QUE002558_mac,mac,0.99996,3.9999999999929e-05,41.82545,-87.93266,FullersburgWoodsIL,219808.471417965,Y,3,0.810849666595459
QUE002559_mac,mac,0.99996,4.000000000004e-05,41.82556,-87.93279,FullersburgWoodsIL,219806.504583815,Y,3,0.810849666595459
QUE002560_mac,mac,0.99996,4.000000000004e-05,42.257804,-87.881609,MiddleforkIL,183365.362366142,Y,3,0.856323659420013
QUE002564_mac,mac,0.993903,0.00609700000000002,42.257804,-87.881609,MiddleforkIL,183365.362366142,Y,3,0.856323659420013
QUE002581_mac,mac,0.947122,0.0528780000000001,44.49133,-103.80895,SpearfishSD,23041.9988208619,N,0,0.551749169826508
QUE002570_mac,mac,0.99996,4.000000000004e-05,43.76049,-103.47675,CusterSD,12474.7421503355,N,0,0.731678009033203
QUE001721_mac,mac,0.99996,4.000000000004e-05,39.93549,-89.80068,StarhillIL,332925.484740408,Y,4,0.789404690265656
