ind_ID,sppcode,mac1_frac,mac2_frac,lat.x,long.x,bio1,bio2,bio3,bio4,bio5,bio6,bio7,bio8,bio9,bio10,bio11,bio12,bio13,bio14,bio15,bio16,bio17,bio18,bio19,elev,moist_index,long.y,lat.y,lat.x.x,long.x.x,lat.y.y,long.y.y,ffd,caco3_r,cec7_r,ec_r,gypsum_r,ph1to1h2o_r,claytotal_r,sandtotal_r,silttotal_r,dbthirdbar_r,lep_r,om_r,ksat_r,awc_r,pondfreqcl_dc,flodfreqcl_dc,drclassdcd,aws0100wta,total_aws,site,lat,long
QUE002637_mac,mac,0.993686,1e-05,43.68836,-92.92859,6.95833349227905,11.1499996185303,25.4566211700439,1184.25244140625,28,-15.8000001907349,43.7999992370605,20.783332824707,-8.51666641235352,20.783332824707,-8.51666641235352,810,111,20,50.3615989685059,323,74,323,74,371,-24.5107176141659,-92.92859,43.68836,43.68836,-92.92859,43.68836,-92.92859,134,0.87,10.96,0,0,6.02,17.46,54.29,28.24,1.5,1.5,1.06,33.07,0.15,None,None,Somewhat poorly drained,14.87,19.35,AustinMN,43.68836,-92.92859
QUE002631_mac,mac,0.99995,1e-05,43.68481,-92.92696,6.95833349227905,11.1499996185303,25.4566211700439,1184.25244140625,28,-15.8000001907349,43.7999992370605,20.783332824707,-8.51666641235352,20.783332824707,-8.51666641235352,810,111,20,50.3615989685059,323,74,323,74,371,-24.5107176141659,-92.92696,43.68481,43.68481,-92.92696,43.68481,-92.92696,134,0,7.48,0,0,6.13,19.43,53.18,27.4,1.53,2.97,0.45,31.2,0.12,None,None,Well drained,12.62,14.23,AustinMN,43.68481,-92.92696
QUE002647_mac,mac,0.90318,0.09678,43.677,-92.93769,6.99166679382324,11.1666669845581,25.4365978240967,1186.14892578125,28.1000003814697,-15.8000001907349,43.9000015258789,20.8666667938232,-8.5,20.8666667938232,-8.5,805,110,20,50.6270523071289,322,73,322,73,370,-25.255338904364,-92.93769,43.677,43.677,-92.93769,43.677,-92.93769,134,2,11.15,0,0,7.3,14.25,63.68,22.07,1.44,1.5,0.75,23.25,0.17,None,Frequent,Poorly drained,18.54,56.36,AustinMN,43.677,-92.93769
QUE002613_mac,mac,0.913097,0.079213,42.04141,-93.678679,8.92916679382324,11.8916664123535,27.9147109985352,1132.28344726562,29.3999996185303,-13.1999998092651,42.5999984741211,20.2000007629395,-5.88333320617676,22.1333332061768,-5.88333320617676,847,129,20,51.5125160217285,337,72,336,72,306,-29.2397660818713,-93.678679,42.04141,42.04141,-93.678679,42.04141,-93.678679,137,3.9,18.91,0,0,6.81,23.14,37.48,39.38,1.35,2.57,2.44,9.17,0.19,None,None,Somewhat poorly drained,19.04,37.04,AmesIA,42.04141,-93.678679
QUE002614_mac,mac,0.804168,0.188877,42.049533,-93.679052,8.94166660308838,11.9166669845581,27.9733963012695,1132.8720703125,29.3999996185303,-13.1999998092651,42.5999984741211,20.216667175293,-5.88333320617676,22.1499996185303,-5.88333320617676,846,129,20,51.5175018310547,337,72,336,72,298,-29.3233082706767,-93.679052,42.049533,42.049533,-93.679052,42.049533,-93.679052,137,18.4,15.06,0,0,7.78,20.4,43.8,35.8,1.5,2,0.9,9.17,0.18,None,None,Well drained,18,36,AmesIA,42.049533,-93.679052
QUE002616_mac,mac,0.763666,0.236294,42.030898,-93.632418,9.16666698455811,11.75,27.3255805969238,1136.05639648438,30,-13,43,20.4333343505859,-5.65000009536743,22.5166664123535,-5.65000009536743,849,128,20,51.1333541870117,338,73,338,73,281,-29.7185430463576,-93.632418,42.030898,42.030898,-93.632418,42.030898,-93.632418,136,0,29.16,0,0,6.57,24.87,34.42,40.71,1.48,4.46,4.66,7,0.2,None,Frequent,Moderately well drained,20.08,29.73,AmesIA,42.030898,-93.632418
QUE002617_mac,mac,0.902489,0.097471,42.023609,-93.633087,9.21249961853027,11.7250003814697,27.2041759490967,1137.2197265625,30.1000003814697,-13,43.0999984741211,20.4833335876465,-5.59999990463257,22.5833339691162,-5.59999990463257,852,128,20,51.0069770812988,339,73,339,73,277,-29.644921552436,-93.633087,42.023609,42.023609,-93.633087,42.023609,-93.633087,136,0,20.35,0,0,6.7,24,40,36,1.34,3.1,2.73,9.17,0.19,None,Occasional,Somewhat poorly drained,18.85,35.87,AmesIA,42.023609,-93.633087
QUE002599_mac,mac,0.99995,1e-05,44.2261111,-93.471944,6.77500009536743,11.4833335876465,25.7473850250244,1201.87072753906,27.8999996185303,-16.7000007629395,44.5999984741211,20.75,-8.96666717529297,20.75,-8.96666717529297,762,107,19,51.499095916748,309,66,309,66,322,-28.9179104477612,-93.471944,44.2261111,44.2261111,-93.471944,44.2261111,-93.471944,131,0,22.62,0,0,6.5,26.81,36.58,36.61,1.29,3.26,4.14,6.69,0.19,None,None,Poorly drained,19.29,34.91,SakatahLakeMN,44.2261111,-93.471944
QUE002601_mac,mac,0.99995,1e-05,44.86798,-93.03203,7.49166679382324,11.3333330154419,25.3542137145996,1198.57275390625,28.8999996185303,-15.8000001907349,44.7000007629395,21.4833335876465,-8.14999961853027,21.4833335876465,-8.14999961853027,753,109,19,50.8386878967285,312,66,312,66,231,-32.3450134770889,-93.03203,44.86798,44.86798,-93.03203,44.86798,-93.03203,148,0,12.63,0,0,6.44,17.57,33.69,48.74,1.49,1.5,1.42,33.07,0.16,None,None,NA,16.44,18,TwinCitiesMN,44.86798,-93.03203
QUE002638_mac,mac,0.99995,1e-05,43.677,-92.93769,6.99166679382324,11.1666669845581,25.4365978240967,1186.14892578125,28.1000003814697,-15.8000001907349,43.9000015258789,20.8666667938232,-8.5,20.8666667938232,-8.5,805,110,20,50.6270523071289,322,73,322,73,370,-25.255338904364,-92.93769,43.677,43.677,-92.93769,43.677,-92.93769,134,2,11.15,0,0,7.3,14.25,63.68,22.07,1.44,1.5,0.75,23.25,0.17,None,Frequent,Poorly drained,18.54,56.36,AustinMN,43.677,-92.93769
QUE002615_mac,mac,0.882803,0.107523,42.036203,-93.639256,9.10416698455811,11.8249998092651,27.5,1136.02062988281,29.8999996185303,-13.1000003814697,43,20.3833332061768,-5.71666669845581,22.4333343505859,-5.71666669845581,849,128,20,51.1057205200195,338,73,337,73,282,-29.485049833887,-93.639256,42.036203,42.036203,-93.639256,42.036203,-93.639256,136,0,19.95,0,0,6.5,17.33,57.3,25.37,1.5,2.5,3.16,21.67,0.18,None,Frequent,Moderately well drained,18.21,27.57,AmesIA,42.036203,-93.639256
QUE002595_mac,mac,0.99995,1e-05,44.2244444,-93.528333,6.78333330154419,11.216667175293,25.1494770050049,1205.45227050781,27.8999996185303,-16.7000007629395,44.5999984741211,20.783332824707,-9.01666641235352,20.783332824707,-9.01666641235352,760,107,18,51.4101104736328,310,65,310,65,331,-29.170549860205,-93.528333,44.2244444,44.2244444,-93.528333,44.2244444,-93.528333,129,0,22.62,0,0,6.5,26.81,36.58,36.61,1.29,3.26,4.14,6.69,0.19,None,None,Poorly drained,19.29,34.91,SakatahLakeMN,44.2244444,-93.528333
QUE002634_mac,mac,0.960077,0.033841,43.68461,-92.92134,6.92916679382324,11.125,25.4576663970947,1183.45690917969,27.8999996185303,-15.8000001907349,43.7000007629395,20.75,-8.55000019073486,20.75,-8.55000019073486,811,111,20,50.2733421325684,323,74,323,74,371,-24.1347053320861,-92.92134,43.68461,43.68461,-92.92134,43.68461,-92.92134,134,0,22.55,0.1,0,6.48,26.44,33.78,39.78,1.32,3.75,4.15,5.67,0.13,None,Frequent,Poorly drained,12.92,26.56,AustinMN,43.68461,-92.92134
QUE002590_mac,mac,0.990673,1e-05,45.38953,-93.19485,6.30416679382324,11.8249998092651,26.1615047454834,1204.48303222656,27.7999992370605,-17.3999996185303,45.1999969482422,20.2666664123535,-9.44999980926514,20.2666664123535,-9.44999980926514,743,111,20,52.7601089477539,311,68,311,68,283,-28.7631831255992,-93.19485,45.38953,45.38953,-93.19485,45.38953,-93.19485,124,0,2.19,0,0,5.88,2.69,96.72,0.59,1.58,1.5,0.49,92,0.07,None,None,Excessively drained,6.89,10.01,CedarCreekMN,45.38953,-93.19485
QUE002608_mac,mac,0.99995,1e-05,45.4222222,-93.188056,6.22499990463257,11.9666662216187,26.3582954406738,1205.09240722656,27.7999992370605,-17.6000003814697,45.4000015258789,20.1833343505859,-9.55000019073486,20.1833343505859,-9.55000019073486,741,112,20,53.0295600891113,311,68,311,68,277,-28.6127167630058,-93.188056,45.4222222,45.4222222,-93.188056,45.4222222,-93.188056,124,0,2.9,0,0,6.02,2.2,93.16,4.64,1.62,0.22,0.69,282,0.08,None,None,Somewhat excessively drained,8.02,15.27,SakatahLakeMN,45.4222222,-93.188056
QUE002641_mac,mac,0.999945,1e-05,43.68531,-92.92292,6.92916679382324,11.125,25.4576663970947,1183.45690917969,27.8999996185303,-15.8000001907349,43.7000007629395,20.75,-8.55000019073486,20.75,-8.55000019073486,811,111,20,50.2733421325684,323,74,323,74,371,-24.1347053320861,-92.92292,43.68531,43.68531,-92.92292,43.68531,-92.92292,134,0,22.55,0.1,0,6.48,26.44,33.78,39.78,1.32,3.75,4.15,5.67,0.13,None,Frequent,Poorly drained,12.92,26.56,AustinMN,43.68531,-92.92292
QUE001334_mac,mac,0.516095,0.472507,40.990945,-90.402384,10.0916662216187,11.1166667938232,27.7223606109619,1069.98266601562,29.6000003814697,-10.5,40.0999984741211,20.6833324432373,-3.90000009536743,22.6499996185303,-3.90000009536743,952,112,35,33.5421295166016,321,127,320,127,236,-23.0396119644301,-90.402384,40.990945,40.990945,-90.402384,40.990945,-90.402384,151,0,22.49,1,0,6.19,29.76,4,66.24,1.43,4.39,0.75,5.42,0.19,None,None,Somewhat poorly drained,18.66,37.91,GalesburgIL,40.990945,-90.402384
QUE001337_mac,mac,0.360978,0.638982,40.9904574,-90.405752,10.0916662216187,11.1166667938232,27.7223606109619,1069.98266601562,29.6000003814697,-10.5,40.0999984741211,20.6833324432373,-3.90000009536743,22.6499996185303,-3.90000009536743,952,112,35,33.5421295166016,321,127,320,127,236,-23.0396119644301,-90.405752,40.9904574,40.9904574,-90.405752,40.9904574,-90.405752,151,0,21.26,1,0,5.84,27.64,4,68.36,1.44,3.6,0.6,9.17,0.2,None,None,Well drained,19.96,30.84,GalesburgIL,40.9904574,-90.405752
QUE001338_mac,mac,0.602136,0.397824,40.9904574,-90.405752,10.0916662216187,11.1166667938232,27.7223606109619,1069.98266601562,29.6000003814697,-10.5,40.0999984741211,20.6833324432373,-3.90000009536743,22.6499996185303,-3.90000009536743,952,112,35,33.5421295166016,321,127,320,127,236,-23.0396119644301,-90.405752,40.9904574,40.9904574,-90.405752,40.9904574,-90.405752,151,0,21.26,1,0,5.84,27.64,4,68.36,1.44,3.6,0.6,9.17,0.2,None,None,Well drained,19.96,30.84,GalesburgIL,40.9904574,-90.405752
QUE001339_mac,mac,0.550471,0.449489,40.9904574,-90.405752,10.0916662216187,11.1166667938232,27.7223606109619,1069.98266601562,29.6000003814697,-10.5,40.0999984741211,20.6833324432373,-3.90000009536743,22.6499996185303,-3.90000009536743,952,112,35,33.5421295166016,321,127,320,127,236,-23.0396119644301,-90.405752,40.9904574,40.9904574,-90.405752,40.9904574,-90.405752,151,0,21.26,1,0,5.84,27.64,4,68.36,1.44,3.6,0.6,9.17,0.2,None,None,Well drained,19.96,30.84,GalesburgIL,40.9904574,-90.405752
QUE001342_mac,mac,0.523104,0.476856,40.9905535,-90.399817,10.1041669845581,11.0583333969116,27.5768909454346,1071.58435058594,29.6000003814697,-10.5,40.0999984741211,20.716667175293,-3.90000009536743,22.6999988555908,-3.90000009536743,951,112,35,33.4918937683105,321,127,319,127,236,-23.1204527081649,-90.399817,40.9905535,40.9905535,-90.399817,40.9905535,-90.399817,151,0,22.39,1,0,5.59,29.44,4,66.56,1.44,3.93,0.41,9.17,0.2,None,None,Well drained,19.5,30.16,GalesburgIL,40.9905535,-90.399817
QUE001343_mac,mac,0.768679,0.231128,40.989198,-90.398409,10.1041669845581,11.0583333969116,27.5768909454346,1071.58435058594,29.6000003814697,-10.5,40.0999984741211,20.716667175293,-3.90000009536743,22.6999988555908,-3.90000009536743,951,112,35,33.4918937683105,321,127,319,127,236,-23.1204527081649,-90.398409,40.989198,40.989198,-90.398409,40.989198,-90.398409,151,0,21.26,1,0,5.84,27.64,4,68.36,1.44,3.6,0.6,9.17,0.2,None,None,Well drained,19.96,30.84,GalesburgIL,40.989198,-90.398409
QUE001345_mac,mac,0.631292,0.368668,40.9887178,-90.398239,10.1041669845581,11.0583333969116,27.5768909454346,1071.58435058594,29.6000003814697,-10.5,40.0999984741211,20.716667175293,-3.90000009536743,22.6999988555908,-3.90000009536743,951,112,35,33.4918937683105,321,127,319,127,236,-23.1204527081649,-90.398239,40.9887178,40.9887178,-90.398239,40.9887178,-90.398239,151,0,22.39,1,0,5.59,29.44,4,66.56,1.44,3.93,0.41,9.17,0.2,None,None,Well drained,19.5,30.16,GalesburgIL,40.9887178,-90.398239
QUE001346_mac,mac,0.858472,0.141488,40.9887178,-90.398239,10.1041669845581,11.0583333969116,27.5768909454346,1071.58435058594,29.6000003814697,-10.5,40.0999984741211,20.716667175293,-3.90000009536743,22.6999988555908,-3.90000009536743,951,112,35,33.4918937683105,321,127,319,127,236,-23.1204527081649,-90.398239,40.9887178,40.9887178,-90.398239,40.9887178,-90.398239,151,0,22.39,1,0,5.59,29.44,4,66.56,1.44,3.93,0.41,9.17,0.2,None,None,Well drained,19.5,30.16,GalesburgIL,40.9887178,-90.398239
QUE001347_mac,mac,0.460487,0.530065,40.98749154,-90.393722,10.1041669845581,11.0583333969116,27.5768909454346,1071.58435058594,29.6000003814697,-10.5,40.0999984741211,20.716667175293,-3.90000009536743,22.6999988555908,-3.90000009536743,951,112,35,33.4918937683105,321,127,319,127,236,-23.1204527081649,-90.393722,40.98749154,40.98749154,-90.393722,40.98749154,-90.393722,151,0,22.39,1,0,5.59,29.44,4,66.56,1.44,3.93,0.41,9.17,0.2,None,None,Well drained,19.5,30.16,GalesburgIL,40.98749154,-90.393722
QUE001348_mac,mac,0.555077,0.439792,40.9878018,-90.393579,10.1041669845581,11.0583333969116,27.5768909454346,1071.58435058594,29.6000003814697,-10.5,40.0999984741211,20.716667175293,-3.90000009536743,22.6999988555908,-3.90000009536743,951,112,35,33.4918937683105,321,127,319,127,236,-23.1204527081649,-90.393579,40.9878018,40.9878018,-90.393579,40.9878018,-90.393579,151,0,22.39,1,0,5.59,29.44,4,66.56,1.44,3.93,0.41,9.17,0.2,None,None,Well drained,19.5,30.16,GalesburgIL,40.9878018,-90.393579
QUE001350_mac,mac,0.578947,0.421009,40.987996,-90.393384,10.1041669845581,11.0583333969116,27.5768909454346,1071.58435058594,29.6000003814697,-10.5,40.0999984741211,20.716667175293,-3.90000009536743,22.6999988555908,-3.90000009536743,951,112,35,33.4918937683105,321,127,319,127,236,-23.1204527081649,-90.393384,40.987996,40.987996,-90.393384,40.987996,-90.393384,151,0,22.39,1,0,5.59,29.44,4,66.56,1.44,3.93,0.41,9.17,0.2,None,None,Well drained,19.5,30.16,GalesburgIL,40.987996,-90.393384
QUE001351_mac,mac,0.646082,0.353878,40.98879,-90.391843,10.1041669845581,11.0583333969116,27.5768909454346,1071.58435058594,29.6000003814697,-10.5,40.0999984741211,20.716667175293,-3.90000009536743,22.6999988555908,-3.90000009536743,951,112,35,33.4918937683105,321,127,319,127,236,-23.1204527081649,-90.391843,40.98879,40.98879,-90.391843,40.98879,-90.391843,151,0,22.37,1,0,5.79,28,4,68,1.41,3.88,1.06,9.17,0.19,None,None,Well drained,19.37,38.18,GalesburgIL,40.98879,-90.391843
QUE001352_mac,mac,0.603149,0.375491,40.9898984,-90.384677,10.1166667938232,11.0500001907349,27.4875621795654,1071.85131835938,29.7000007629395,-10.5,40.2000007629395,20.7333335876465,-3.86666655540466,22.7333335876465,-3.86666655540466,951,112,35,33.4918937683105,321,127,319,127,237,-23.1204527081649,-90.384677,40.9898984,40.9898984,-90.384677,40.9898984,-90.384677,151,0,22.96,1,0,5.98,29.16,3,67.84,1.39,4.33,0.96,9.17,0.2,None,None,Well drained,19.81,38.86,GalesburgIL,40.9898984,-90.384677
QUE001370_mac,mac,0.99995,1e-05,43.241424,-90.302268,7.77916669845581,12.0749998092651,28.1468544006348,1104.68103027344,28.5,-14.3999996185303,42.9000015258789,20.716667175293,-6.68333292007446,20.716667175293,-6.68333292007446,812,103,27,42.1728591918945,294,92,294,92,215,-24.1121495327103,-90.302268,43.241424,43.241424,-90.302268,43.241424,-90.302018,131,0,3.79,0,NA,5.83,4.84,84.98,10.18,1.6,1.5,0.57,90.33,0.08,None,None,Somewhat poorly drained,7.95,11.14,GothamWI,43.241424,-90.302268
QUE001371_mac,mac,0.99995,1e-05,43.241424,-90.302268,7.77916669845581,12.0749998092651,28.1468544006348,1104.68103027344,28.5,-14.3999996185303,42.9000015258789,20.716667175293,-6.68333292007446,20.716667175293,-6.68333292007446,812,103,27,42.1728591918945,294,92,294,92,215,-24.1121495327103,-90.302268,43.241424,43.241424,-90.302268,43.241424,-90.302018,131,0,3.79,0,NA,5.83,4.84,84.98,10.18,1.6,1.5,0.57,90.33,0.08,None,None,Somewhat poorly drained,7.95,11.14,GothamWI,43.241424,-90.302268
QUE001372_mac,mac,0.916518,0.083442,43.264793,-90.303891,7.75416660308838,12.2083330154419,28.3255996704102,1108.54016113281,28.6000003814697,-14.5,43.0999984741211,20.75,-6.73333311080933,20.75,-6.73333311080933,810,102,27,42.1293258666992,293,92,293,92,214,-24.3697478991597,-90.303891,43.264793,43.264793,-90.303891,43.264793,-90.303891,131,0,19.35,0,0,5.04,15.87,29.44,54.69,1.42,1.32,2.52,15.6,0.2,None,Frequent,Somewhat poorly drained,20.51,34.39,GothamWI,43.264793,-90.303891
QUE001487_mac,mac,0.838208,0.161752,41.721525,-87.86057,9.63749980926514,10.3583335876465,26.9047622680664,1019.93341064453,28.6000003814697,-9.89999961853027,38.5,21.783332824707,-3.53333330154419,21.783332824707,-3.53333330154419,948,103,39,27.6236896514893,299,147,299,147,225,-17.4934725848564,-87.86057,41.721525,41.721525,-87.86057,41.721525,-87.86057,154,0,31.9,0,0,7.19,38.9,5.31,55.79,1.4,6.98,3.15,2.82,0.17,Frequent,None,Very poorly drained,16.56,24.86,CranberrySloughIL,41.721525,-87.86057
QUE001526_mac,mac,0.704544,0.268205,41.724335,-87.859901,9.63749980926514,10.3583335876465,26.9047622680664,1019.93341064453,28.6000003814697,-9.89999961853027,38.5,21.783332824707,-3.53333330154419,21.783332824707,-3.53333330154419,948,103,39,27.6236896514893,299,147,299,147,225,-17.4934725848564,-87.859901,41.724335,41.724335,-87.859901,41.724335,-87.859901,154,1.55,16.28,0,0,6.27,32.75,11.15,56.1,1.53,2.87,0.68,4.94,0.15,None,None,Moderately well drained,15.32,19.98,CranberrySloughIL,41.724335,-87.859901
QUE001530_mac,mac,0.905509,0.094451,41.725689,-87.862598,9.6875,10.3916664123535,26.9214153289795,1022.55725097656,28.7000007629395,-9.89999961853027,38.5999984741211,21.8666667938232,-3.51666665077209,21.8666667938232,-3.51666665077209,947,103,39,27.7268180847168,300,147,300,147,219,-17.9376083188908,-87.862598,41.725689,41.725689,-87.862598,41.725689,-87.862598,154,1.32,15.2,0.2,0,6.96,32.22,8.94,58.84,1.51,2.83,1.25,3.92,0.15,None,None,Somewhat poorly drained,14.83,17.19,CranberrySloughIL,41.725689,-87.862598
QUE001532_mac,mac,0.838891,0.159475,41.718072,-87.866357,9.63749980926514,10.3583335876465,26.9047622680664,1019.93341064453,28.6000003814697,-9.89999961853027,38.5,21.783332824707,-3.53333330154419,21.783332824707,-3.53333330154419,948,103,39,27.6236896514893,299,147,299,147,225,-17.4934725848564,-87.866357,41.718072,41.718072,-87.866357,41.718072,-87.866357,154,0,28.13,0,0,6.99,37.72,8.26,54.02,1.44,6.72,2.13,2.82,0.14,Frequent,None,Poorly drained,14.32,20.46,CranberrySloughIL,41.718072,-87.866357
QUE001533_mac,mac,0.818455,0.181505,41.71809,-87.866302,9.63749980926514,10.3583335876465,26.9047622680664,1019.93341064453,28.6000003814697,-9.89999961853027,38.5,21.783332824707,-3.53333330154419,21.783332824707,-3.53333330154419,948,103,39,27.6236896514893,299,147,299,147,225,-17.4934725848564,-87.866302,41.71809,41.71809,-87.866302,41.71809,-87.866302,154,0,28.13,0,0,6.99,37.72,8.26,54.02,1.44,6.72,2.13,2.82,0.14,Frequent,None,Poorly drained,14.32,20.46,CranberrySloughIL,41.71809,-87.866302
QUE001536_mac,mac,0.670614,0.304042,41.72124,-87.866644,9.63749980926514,10.3583335876465,26.9047622680664,1019.93341064453,28.6000003814697,-9.89999961853027,38.5,21.783332824707,-3.53333330154419,21.783332824707,-3.53333330154419,948,103,39,27.6236896514893,299,147,299,147,225,-17.4934725848564,-87.866644,41.72124,41.72124,-87.866644,41.72124,-87.866644,154,4.85,14.42,0,0,7.03,33.4,11.64,54.96,1.57,2.42,0.57,3.38,0.14,None,None,Moderately well drained,13.79,18.52,CranberrySloughIL,41.72124,-87.866644
QUE001541_mac,mac,0.897651,0.102309,42.183917,-87.91512,9.30833339691162,10.5166664123535,27.1048107147217,1029.20275878906,28.5,-10.3000001907349,38.7999992370605,21.6000003814697,-3.91666674613953,21.6000003814697,-3.91666674613953,888,104,34,29.9278602600098,292,135,292,135,206,-22.4454148471616,-87.91512,42.183917,42.183917,-87.91512,42.183917,-87.91512,147,3.84,16.43,0,0,7.39,23.69,17.01,59.3,1.35,2.7,1.1,9.59,0.19,None,None,Somewhat poorly drained,19.19,29.9,RyersonWoodsIL,42.183917,-87.91512
QUE001542_mac,mac,0.889331,0.110629,42.183917,-87.91512,9.30833339691162,10.5166664123535,27.1048107147217,1029.20275878906,28.5,-10.3000001907349,38.7999992370605,21.6000003814697,-3.91666674613953,21.6000003814697,-3.91666674613953,888,104,34,29.9278602600098,292,135,292,135,206,-22.4454148471616,-87.91512,42.183917,42.183917,-87.91512,42.183917,-87.91512,147,3.84,16.43,0,0,7.39,23.69,17.01,59.3,1.35,2.7,1.1,9.59,0.19,None,None,Somewhat poorly drained,19.19,29.9,RyersonWoodsIL,42.183917,-87.91512
QUE001547_mac,mac,0.916025,0.083935,42.183468,-87.9143,9.30833339691162,10.5166664123535,27.1048107147217,1029.20275878906,28.5,-10.3000001907349,38.7999992370605,21.6000003814697,-3.91666674613953,21.6000003814697,-3.91666674613953,888,104,34,29.9278602600098,292,135,292,135,206,-22.4454148471616,-87.9143,42.183468,42.183468,-87.9143,42.183468,-87.9143,147,3.14,16.31,0,0,6.92,25.49,16.84,57.67,1.41,2.94,0.72,9.59,0.19,None,None,Moderately well drained,18.82,36.44,RyersonWoodsIL,42.183468,-87.9143
QUE001548_mac,mac,0.99995,1e-05,42.183468,-87.9143,9.30833339691162,10.5166664123535,27.1048107147217,1029.20275878906,28.5,-10.3000001907349,38.7999992370605,21.6000003814697,-3.91666674613953,21.6000003814697,-3.91666674613953,888,104,34,29.9278602600098,292,135,292,135,206,-22.4454148471616,-87.9143,42.183468,42.183468,-87.9143,42.183468,-87.9143,147,3.14,16.31,0,0,6.92,25.49,16.84,57.67,1.41,2.94,0.72,9.59,0.19,None,None,Moderately well drained,18.82,36.44,RyersonWoodsIL,42.183468,-87.9143
QUE001549_mac,mac,0.980062,1e-05,42.181511,-87.918994,9.42083358764648,10.625,27.2435894012451,1033.01293945312,28.7000007629395,-10.3000001907349,39,21.75,-3.86666679382324,21.75,-3.86666679382324,892,105,34,30.4039115905762,295,134,295,134,201,-22.9040622299049,-87.918994,42.181511,42.181511,-87.918994,42.181511,-87.918994,147,3.84,16.43,0,0,7.39,23.69,17.01,59.3,1.35,2.7,1.1,9.59,0.19,None,None,Somewhat poorly drained,19.19,29.9,RyersonWoodsIL,42.181511,-87.918994
QUE001551_mac,mac,0.992401,1e-05,42.17597,-87.91698,9.42083358764648,10.625,27.2435894012451,1033.01293945312,28.7000007629395,-10.3000001907349,39,21.75,-3.86666679382324,21.75,-3.86666679382324,892,105,34,30.4039115905762,295,134,295,134,201,-22.9040622299049,-87.91698,42.17597,42.17597,-87.91698,42.17597,-87.91698,149,3.32,20.08,0.1,0,6.81,25.31,14.96,59.73,1.48,3.19,0.73,10.44,0.19,None,None,Moderately well drained,19.06,48.57,RyersonWoodsIL,42.17597,-87.91698
QUE001554_mac,mac,0.79694,0.188616,42.175674,-87.914878,9.36666679382324,10.5500001907349,27.1208229064941,1030.38684082031,28.6000003814697,-10.3000001907349,38.9000015258789,21.6499996185303,-3.88333344459534,21.6499996185303,-3.88333344459534,892,105,34,30.1233768463135,294,135,294,135,209,-22.5021720243267,-87.914878,42.175674,42.175674,-87.914878,42.175674,-87.914878,149,3.32,20.08,0.1,0,6.81,25.31,14.96,59.73,1.48,3.19,0.73,10.44,0.19,None,None,Moderately well drained,19.06,48.57,RyersonWoodsIL,42.175674,-87.914878
QUE001556_mac,mac,0.727881,0.24056,42.175701,-87.914442,9.36666679382324,10.5500001907349,27.1208229064941,1030.38684082031,28.6000003814697,-10.3000001907349,38.9000015258789,21.6499996185303,-3.88333344459534,21.6499996185303,-3.88333344459534,892,105,34,30.1233768463135,294,135,294,135,209,-22.5021720243267,-87.914442,42.175701,42.175701,-87.914442,42.175701,-87.914442,149,3.32,20.08,0.1,0,6.81,25.31,14.96,59.73,1.48,3.19,0.73,10.44,0.19,None,None,Moderately well drained,19.06,48.57,RyersonWoodsIL,42.175701,-87.914442
QUE001759_mac,mac,0.978077,0.021883,43.10698,-89.80825,7.46250009536743,11.6750001907349,27.7315921783447,1095.35412597656,27.7999992370605,-14.3000001907349,42.0999984741211,19.3166656494141,-6.83333349227905,20.283332824707,-6.83333349227905,819,103,27,40.4525489807129,302,97,301,97,268,-21.4011516314779,-89.80825,43.10698,43.10698,-89.80825,43.10698,-89.80825,130,0,20.84,0,0,6.61,27.42,26.51,46.08,1.45,3.35,0.54,11.9,0.12,None,None,Well drained,11.12,11.3,PleasantValleyWI,43.10698,-89.80825
QUE001804_mac,mac,0.99995,1e-05,42.04211,-93.60619,9.00416660308838,11.8083333969116,27.5252513885498,1135.96472167969,29.7000007629395,-13.1999998092651,42.9000015258789,22.3333339691162,-5.81666660308838,22.3333339691162,-5.81666660308838,848,128,20,51.1243362426758,339,73,339,73,281,-29.0376569037657,-93.60619,42.04211,42.04211,-93.60619,42.04211,-93.60619,137,0,22.26,0,0,6.43,27.72,35.28,37,1.47,3.54,1.31,5.23,0.18,None,None,Well drained,18.16,35.86,AmesIA,42.04211,-93.60619
QUE001814_mac,mac,0.99995,1e-05,40.7056,-91.79416,10.7124996185303,11.6416664123535,28.5334968566895,1060.48046875,30.7000007629395,-10.1000003814697,40.8000030517578,22.25,-3.10000014305115,23.2666664123535,-3.10000014305115,944,117,29,37.6885871887207,330,113,316,113,194,-26.1345852895149,-91.79416,40.7056,40.7056,-91.79416,40.7056,-91.79416,165,1.2,21.4,1,0,6.09,30.37,39.14,30.49,1.49,3.72,0.95,4.2,0.17,None,None,Well drained,15.42,30.77,BonaparteIA,40.7056,-91.79416
QUE001863_mac,mac,0.99995,1e-05,36.84504,-96.42526,14.4875001907349,13.1416664123535,33.6104011535645,943.959594726562,33.5,-5.59999990463257,39.0999984741211,19.3500003814697,2.36666655540466,25.8166656494141,2.36666655540466,968,131,31,38.2804069519043,333,114,274,114,316,-42.3809523809524,-96.42526,36.84504,36.84504,-96.42526,36.84504,-96.42526,184,0,19.9,0.5,0,6.5,23.57,15,61.43,1.51,3.1,2.67,9,0.21,None,Frequent,Well drained,19.7,38.76,PawhuskaOK,36.84504,-96.42526
QUE001916_mac,mac,0.95206,0.0479,34.80384,-92.32634,16.7875003814697,12.3583335876465,35.3095245361328,838.939086914062,34,-1,35,16.8666667938232,26.1166667938232,26.8666667938232,6.06666660308838,1290,137,79,19.2227230072021,388,263,268,296,87,-15.9061277705345,-92.32634,34.80384,34.80384,-92.32634,34.80384,-92.32634,205,0,35,0,0,6.3,68.5,1.8,29.7,1.3,15.58,0.87,0.21,0.15,None,Rare,Poorly drained,15,22.95,LittleRockAR,34.80384,-92.32634
QUE001933_mac,mac,0.105725,0.878818,37.15687,-91.36471,13.4750003814697,13.4499998092651,35.2094268798828,904.180969238281,32.2999992370605,-5.90000009536743,38.2000007629395,13.4000005722046,1.79999995231628,24.2666664123535,1.79999995231628,1116,116,56,19.495044708252,333,218,284,218,215,-20.3426124197002,-91.36471,37.15687,37.15687,-91.36471,37.15687,-91.36471,147,NA,NA,NA,NA,NA,NA,NA,NA,NA,NA,NA,NA,NA,None,Frequent,Excessively drained,1,2,EminenceMO,37.15687,-91.36471
QUE001783_mac,mac,1e-05,0.99995,41.9736,-91.7239,9.51666641235352,11.3833332061768,26.847484588623,1125.58129882812,30.2000007629395,-12.1999998092651,42.4000015258789,22.75,-5.16666650772095,22.75,-5.16666650772095,899,118,25,45.5904006958008,339,90,339,90,251,-26.7915309446254,-91.7239,41.9736,41.9736,-91.7239,41.9736,-91.7239,140,0,19.22,0.1,0,5.8,23.56,39.81,36.63,1.59,2.88,1.47,4.68,0.17,None,None,Moderately well drained,17.32,31.52,CedarRapidsIA,41.9736,-91.7239
QUE001880_mac,mac,1e-05,0.99995,36.2204,-95.89845,15.5249996185303,12.783332824707,33.464225769043,925.474060058594,34.0999984741211,-4.09999990463257,38.1999969482422,20.25,3.73333334922791,26.6833343505859,3.73333334922791,1013,137,40,33.4407691955566,342,147,262,147,185,-39.6305125148987,-95.89845,36.2204,36.2204,-95.89845,36.2204,-95.89845,190,0,16.54,1,0,5.8,30.88,7.89,61.23,1.44,3.24,1.47,2.56,0.19,None,Occasional,Somewhat poorly drained,18.64,36.39,TulsaOK,36.2204,-95.89845
QUE001907_mac,mac,0.99995,1e-05,35.17688,-97.4497,15.9958333969116,12.8083333969116,34.0647163391113,900.354675292969,34.4000015258789,-3.20000004768372,37.6000022888184,20.6666660308838,4.59999990463257,26.8666667938232,4.59999990463257,906,132,33,38.4173049926758,320,119,242,119,342,-48.6685552407932,-97.4497,35.17688,35.17688,-97.4497,35.17688,-97.4497,195,0,7.38,0,0,7.02,12.12,65.72,22.15,1.54,1.5,1.32,42.55,0.14,None,Rare,Well drained,13.02,21.84,NormanOK,35.17688,-97.4497
QUE001937_mac,mac,1e-05,0.99995,43.90292,-91.63996,6.98333311080933,11.1833333969116,25.7680492401123,1155.06262207031,27.7000007629395,-15.6999998092651,43.4000015258789,19.25,-8.14999961853027,20.4500007629395,-8.14999961853027,830,107,22,48.333324432373,319,78,318,78,374,-21.5500945179584,-91.63996,43.90292,43.90292,-91.63996,43.90292,-91.63996,133,0,15.66,0,0,6.54,24.55,39.71,35.74,1.38,2.66,1.05,9.8,0.14,None,None,Well drained,14.24,18.34,WinonaMN,43.90292,-91.63996
QUE001963_mac,mac,0.007112,0.992848,49.76137,-99.1604,2.44166660308838,11.7166662216187,24.1083679199219,1331.26538085938,25.6000003814697,-23,48.5999984741211,15.4166669845581,-12.7166662216187,17.8333339691162,-14.9499998092651,501,88,18,55.9017181396484,227,62,221,64,374,-42.2145328719723,-99.1604,49.76137,49.76137,-99.1604,49.76137,-99.1604,NA,NA,NA,NA,NA,NA,NA,NA,NA,NA,NA,NA,NA,NA,NA,NA,NA,NA,NA,SpruceWoodsMB,49.76137,-99.1604
QUE001971_mac,mac,0.92638,0.061258,49.85783,-97.24911,2.78749990463257,11.3416662216187,22.7744293212891,1391.87927246094,26.6000003814697,-23.2000007629395,49.8000030517578,18.966667175293,-15.4166669845581,18.966667175293,-15.4166669845581,534,92,15,58.9322547912598,249,55,249,55,236,-41.5115005476451,-97.24911,49.85783,49.85783,-97.24911,49.85783,-97.24911,NA,NA,NA,NA,NA,NA,NA,NA,NA,NA,NA,NA,NA,NA,NA,NA,NA,NA,NA,AssiniboineMB,49.85783,-97.24911
QUE001982_mac,mac,0.565205,0.434752,46.0259,-91.14288,4.42083311080933,12.3083333969116,27.53542137146,1150.82275390625,25.6000003814697,-19.1000003814697,44.7000007629395,16.783332824707,-10.6166667938232,17.8166675567627,-10.6166667938232,820,112,21,48.9239196777344,331,82,318,82,433,-11.4470842332613,-91.14288,46.0259,46.0259,-91.14288,46.0259,-91.14288,103,0,6.63,0,0,5.44,6.96,64.64,28.4,1.55,0.53,0.85,11.65,0.13,None,None,Well drained,12.3,20.55,RoundLakeWI,46.0259,-91.14288
QUE002057_mac,mac,0.99995,1e-05,38.963586,-98.58906,12.5916662216187,14.2833337783813,33.4504318237305,1031.81616210938,34.0999984741211,-8.60000038146973,42.6999969482422,22.5833320617676,-0.333333343267441,25.2333335876465,-0.333333343267441,667,99,15,51.9121742248535,271,55,252,55,474,-61.400462962963,-98.58906,38.963586,38.963586,-98.58906,38.963586,-98.58906,158,5,20.57,0.71,0,7.86,25.31,12.43,62.26,1.36,3.44,2.14,6.66,0.22,None,Frequent,Well drained,21.27,42.42,MinookaKS,38.963586,-98.58906
QUE002074_mac,mac,0.242353,0.757607,39.839311,-88.367745,11.2208337783813,11.3249998092651,29.3393783569336,1015.76538085938,30.2000007629395,-8.39999961853027,38.5999984741211,21.2666664123535,-2.01666665077209,23.1333332061768,-2.01666665077209,1011,116,49,24.1338939666748,318,178,311,178,203,-17.2667757774141,-88.367745,39.839311,39.839311,-88.367745,39.839311,-88.367445,157,0,24.96,1,0,6.73,30.75,9.65,59.6,1.37,4.45,1.79,9.17,0.18,Frequent,Frequent,Poorly drained,17.75,28.45,ChickenbristleIL,39.839311,-88.367745
QUE002081_mac,mac,0.007121,0.985096,37.51492,-89.4445,13.7666664123535,11.8333330154419,31.8957767486572,937.245300292969,32,-5.09999990463257,37.0999984741211,13.6999998092651,20.3166675567627,24.8999996185303,1.63333332538605,1172,123,73,17.0490226745605,355,255,289,257,108,-14.2648134601317,-89.4445,37.51492,37.51492,-89.4445,37.51492,-89.4445,174,0,51.7,0,0,4.72,66.45,2.45,31.1,1.4,17,2.1,0.28,0.12,Occasional,Occasional,Poorly drained,12,24.36,ShawneeIL,37.51492,-89.4445
QUE002082_mac,mac,1e-05,0.99995,37.51639,-89.44535,13.7666664123535,11.8333330154419,31.8957767486572,937.245300292969,32,-5.09999990463257,37.0999984741211,13.6999998092651,20.3166675567627,24.8999996185303,1.63333332538605,1172,123,73,17.0490226745605,355,255,289,257,108,-14.2648134601317,-89.44535,37.51639,37.51639,-89.44535,37.51639,-89.44535,174,0,51.7,0,0,4.72,66.45,2.45,31.1,1.4,17,2.1,0.28,0.12,Occasional,Occasional,Poorly drained,12,24.36,ShawneeIL,37.51639,-89.44535
QUE002085_mac,mac,0.189445,0.810515,38.7362,-86.41257,12.1041669845581,12.5249996185303,33.5790901184082,932.551391601562,30.6000003814697,-6.69999980926514,37.2999992370605,11.8000001907349,0.100000061094761,23.25,0.100000061094761,1162,125,73,17.4110736846924,346,238,316,238,179,-7.77777777777778,-86.41257,38.7362,38.7362,-86.41257,38.7362,-86.41257,151,0,19.17,0,0,5.41,32.04,20.42,47.53,1.46,4.17,1.27,6.11,0.15,None,None,Well drained,11.52,11.52,SpringMillIN,38.7362,-86.41257
QUE002105_mac,mac,0.977299,1e-05,40.45916,-85.50807,9.94999980926514,11,29.0237464904785,990.993530273438,28.7999992370605,-9.10000038146973,37.9000015258789,19.6166667938232,-2.83333349227905,21.716667175293,-2.83333349227905,969,105,51,22.11159324646,305,177,295,177,278,-13.2497761862131,-85.50807,40.45916,40.45916,-85.50807,40.45916,-85.50807,147,10.97,18.5,0,0,7.03,36.62,23.56,39.83,1.67,3.48,0.6,1.23,0.1,None,None,Moderately well drained,10.78,14,TaylorIN,40.45916,-85.50807
QUE002129_mac,mac,0.013723,0.986237,41.9623302,-73.313005,8.23333358764648,12.1666669845581,31.6840286254883,953.162963867188,27.5,-10.8999996185303,38.4000015258789,17.5833339691162,-2.79999995231628,19.7000007629395,-3.86666655540466,1179,110,77,9.38435077667236,319,257,317,260,221,12.6074498567335,-73.313005,41.9623302,41.9623302,-73.313005,41.9623302,-73.313005,129,0,4.24,0,0,6.35,6.35,44.49,49.16,1.32,1.5,0.88,17.09,0.17,None,Frequent,Poorly drained,16.93,27.27,LitchfieldCT,41.9623302,-73.313005
QUE002154_mac,mac,0.941054,0.034725,44.4006814,-73.23757,7.45000028610229,10.6999998092651,27.0202026367188,1028.44323730469,27.2000007629395,-12.3999996185303,39.5999984741211,18.9500007629395,-4.79999971389771,19.8333339691162,-5.53333330154419,841,97,41,24.1845932006836,268,142,264,147,37,-15.1362260343088,-73.23757,44.4006814,44.4006814,-73.23757,44.4006814,-73.23757,135,0,25.53,0,0,7.05,72.52,8.68,18.8,1.37,4.5,1.29,0.77,0.11,None,None,Moderately well drained,10.71,16.32,BurlingtonVT,44.4006814,-73.23757
QUE002187_mac,mac,0.87982,0.093087,38.51089,-90.55987,12.5916662216187,11.7666664123535,31.2943248748779,946.505126953125,31.1000003814697,-6.5,37.5999984741211,12.4333333969116,0.316666692495346,23.8666667938232,0.316666692495346,982,107,51,19.3490200042725,292,182,263,182,210,-26.9345238095238,-90.55987,38.51089,38.51089,-90.55987,38.51089,-90.55987,190,0,22.74,1,0,5.68,29.09,4.53,66.38,1.29,3.99,1.05,5.1,0.19,None,None,Well drained,19.36,38.36,EurekaMO,38.51089,-90.55987
QUE002251_mac,mac,0.137165,0.862795,38.98007,-94.8052,12.625,11.75,29.5969772338867,1011.18627929688,32,-7.69999980926514,39.7000007629395,22.4500007629395,-0.383333325386047,24.75,-0.383333325386047,1006,134,31,43.2202186584473,366,105,325,105,287,-31.3310580204778,-94.8052,38.98007,38.98007,-94.8052,38.98007,-94.8052,182,0,23.29,0.1,0,6.7,28.88,15.42,55.7,1.38,4.09,1.76,3.66,0.21,None,None,Somewhat excessively drained,8.83,8.83,ShawneeMissionKS,38.98007,-94.8052
QUE002302_mac,mac,0.361776,0.638179,39.10339,-96.59616,12.4833335876465,12.8666667938232,31.1541557312012,1033.29858398438,32.7000007629395,-8.60000038146973,41.3000030517578,22.466667175293,-0.73333340883255,24.9333324432373,-0.73333340883255,886,134,22,51.562572479248,363,72,321,72,353,-42.9123711340206,-96.59616,39.10339,39.10339,-96.59616,39.10339,-96.59616,153,0,34.98,0.33,0,6.66,43.9,2.83,53.27,1.34,6.76,1.57,1.23,0.15,None,None,Well drained,15.08,30.56,KonzaKS,39.10339,-96.59616
QUE002304_mac,mac,0.561388,0.438572,39.10791,-96.60469,12.5166664123535,12.9333333969116,31.3155765533447,1033.88793945312,32.7000007629395,-8.60000038146973,41.3000030517578,22.5166664123535,-0.716666758060455,24.9500007629395,-0.716666758060455,888,134,22,51.6679382324219,365,72,321,72,341,-42.8571428571429,-96.60469,39.10791,39.10791,-96.60469,39.10791,-96.60469,153,6.13,24.72,0.32,0,7.72,41.13,7.76,51.11,1.34,4.82,2.37,0.98,0.16,None,None,Well drained,9.45,10.42,KonzaKS,39.10791,-96.60469
QUE002336_mac,mac,0.782982,0.216978,42.30836,-83.75671,9.10833358764648,10.466667175293,27.9857406616211,999.672302246094,28.2999992370605,-9.10000038146973,37.4000015258789,21.1333332061768,-2.28333330154419,21.1333332061768,-3.56666660308838,846,86,46,18.9387168884277,248,160,248,161,253,-24.2614145031334,-83.75671,42.30836,42.30836,-83.75671,42.30836,-83.75671,129,3.15,19.31,0,0,7.05,23.94,50.91,25.15,1.5,3.04,1.64,21.56,0.15,Frequent,None,Poorly drained,14.8,17.86,AnnArborMI,42.30836,-83.75671
QUE002367_mac,mac,0.99995,1e-05,43.01685,-90.11481,7.31666660308838,11.466667175293,27.301586151123,1098.890625,27.7000007629395,-14.3000001907349,42,20.1833343505859,-7.01666641235352,20.1833343505859,-7.01666641235352,839,104,28,40.1388816833496,307,99,307,99,343,-19.6360153256705,-90.11481,43.01685,43.01685,-90.11481,43.01685,-90.11481,125,0.27,20.24,0,0,6.91,25.29,24.42,50.29,1.35,2.37,1.93,16.08,0.16,None,None,Well drained,12.68,16.9,DodgevilleWI,43.01685,-90.11481
QUE002400_mac,mac,0.991384,1e-05,43.01607,-88.43513,7.84583330154419,10.9916667938232,26.9403591156006,1072.98962402344,28,-12.8000001907349,40.7999992370605,19.5666656494141,-6.06666660308838,20.5666675567627,-6.06666660308838,845,103,28,37.2551956176758,302,106,300,106,285,-20.8059981255858,-88.43513,43.01607,43.01607,-88.43513,43.01607,-88.43513,138,7.87,8.97,0.1,0,7.53,10.92,69.87,19.21,1.55,1.15,0.6,164.71,0.09,None,None,Somewhat excessively drained,9.33,17.04,OttawaWI,43.01607,-88.43513
QUE002424_mac,mac,0.99995,1e-05,44.36388,-93.93543,7.19583320617676,11.8083333969116,26.1246318817139,1205.03198242188,28.7999992370605,-16.3999996185303,45.1999969482422,21.25,-8.53333377838135,21.25,-8.53333377838135,747,116,14,54.1891326904297,320,58,320,58,235,-32.2756119673617,-93.93543,44.36388,44.36388,-93.93543,44.36388,-93.93543,137,5.21,11.26,0,0,7.03,17.39,55.95,26.66,1.49,2.98,1.05,68.74,0.13,None,None,Well drained,13.13,18.99,OttawaBluffsMN,44.36388,-93.93543
QUE002471_mac,mac,0.548871,0.44533,40.73122,-83.09328,9.70416641235352,11.158332824707,30.0763702392578,968.29150390625,28.5,-8.60000038146973,37.0999984741211,19.0833339691162,-1.46666669845581,21.216667175293,-2.66666674613953,944,105,46,24.4650363922119,309,169,295,171,290,-16.6077738515901,-83.09328,40.73122,40.73122,-83.09328,40.73122,-83.09328,147,3,21.48,0,0,6.71,36.41,18.91,44.68,1.58,3.81,0.8,2.81,0.14,None,None,Somewhat poorly drained,14.68,18.52,DaughmerOH,40.73122,-83.09328
QUE002480_mac,mac,0.740863,0.259097,41.55069,-84.35969,9.20833301544189,11.6333332061768,30.1381702423096,1001.69134521484,28.7999992370605,-9.80000019073486,38.5999984741211,19.1000003814697,-3.63333344459534,21.1166667938232,-3.63333344459534,874,91,42,22.5368061065674,268,152,264,152,227,-20.1826484018265,-84.35969,41.55069,41.55069,-84.35969,41.55069,-84.35969,146,1.54,19.92,0.18,0,7.04,35,14,51,1.56,4.59,2.24,0.05,0.12,Frequent,None,Poorly drained,12,23.33,GollWoodsOH,41.55069,-84.35969
QUE002579_mac,mac,0.990409,1e-05,43.81684,-103.25005,8.20416641235352,15.2916660308838,37.0258293151855,952.185180664062,29.7999992370605,-11.5,41.2999992370605,17.466667175293,-3.11666679382324,20.2666664123535,-3.11666679382324,439,80,8,70.7021636962891,224,28,186,28,1119,-71.3259307642064,-103.25005,43.81684,43.81684,-103.25005,43.81684,-103.25005,125,4.49,17.33,0.84,0.24,7.54,21.18,40.37,38.45,1.39,2.43,0.9,7.44,0.17,None,None,Well drained,14.72,20.72,CusterSD,43.81684,-103.25005
QUE002364_mac,mac,0.950164,0.049786,43.01643,-90.11418,7.42083311080933,11.5083332061768,27.4007930755615,1098.25158691406,27.7999992370605,-14.1999998092651,42,20.2999992370605,-6.90000009536743,20.2999992370605,-6.90000009536743,836,103,28,39.9353637695312,306,99,306,99,316,-20,-90.11418,43.01643,43.01643,-90.11418,43.01643,-90.11418,125,0,22.6,0,0,6.27,28.5,7.5,64,1.38,3.92,0.86,9,0.2,None,None,Well drained,19.89,24.57,DodgevilleWI,43.01643,-90.11418
QUE002369_mac,mac,0.858671,0.134601,43.02128,-90.11695,7.34583330154419,11.4583330154419,27.2817459106445,1097.57263183594,27.7000007629395,-14.3000001907349,42,20.2000007629395,-6.96666669845581,20.2000007629395,-6.96666669845581,839,103,28,40.1253700256348,307,99,307,99,339,-19.6360153256705,-90.11695,43.02128,43.02128,-90.11695,43.02128,-90.11695,134,0,28.73,0,0,6.54,39.05,10.08,50.87,1.35,5.48,0.62,4.94,0.17,None,None,Well drained,14.7,14.93,DodgevilleWI,43.02128,-90.11695
QUE002371_mac,mac,0.99995,1e-05,43.02073,-90.11771,7.34583330154419,11.4583330154419,27.2817459106445,1097.57263183594,27.7000007629395,-14.3000001907349,42,20.2000007629395,-6.96666669845581,20.2000007629395,-6.96666669845581,839,103,28,40.1253700256348,307,99,307,99,339,-19.6360153256705,-90.11771,43.02073,43.02073,-90.11771,43.02073,-90.11771,125,8.57,22.06,NA,0,7.03,26.34,22.49,51.16,1.32,2.48,2.92,16.2,0.19,None,None,Somewhat excessively drained,7.05,7.05,DodgevilleWI,43.02073,-90.11771
QUE002373_mac,mac,0.997026,0.002934,43.0193,-90.11692,7.34583330154419,11.4583330154419,27.2817459106445,1097.57263183594,27.7000007629395,-14.3000001907349,42,20.2000007629395,-6.96666669845581,20.2000007629395,-6.96666669845581,839,103,28,40.1253700256348,307,99,307,99,339,-19.6360153256705,-90.11692,43.0193,43.0193,-90.11692,43.0193,-90.11692,125,8.57,22.06,NA,0,7.03,26.34,22.49,51.16,1.32,2.48,2.92,16.2,0.19,None,None,Somewhat excessively drained,7.05,7.05,DodgevilleWI,43.0193,-90.11692
QUE002374_mac,mac,0.956003,0.043957,43.01828,-90.11701,7.34583330154419,11.4583330154419,27.2817459106445,1097.57263183594,27.7000007629395,-14.3000001907349,42,20.2000007629395,-6.96666669845581,20.2000007629395,-6.96666669845581,839,103,28,40.1253700256348,307,99,307,99,339,-19.6360153256705,-90.11701,43.01828,43.01828,-90.11701,43.01828,-90.11701,125,0.27,20.24,0,0,6.91,25.29,24.42,50.29,1.35,2.37,1.93,16.08,0.16,None,None,Well drained,12.68,16.9,DodgevilleWI,43.01828,-90.11701
QUE001610_mac,mac,0.880815,0.108306,41.81347,-88.06293,9.79166698455811,11.25,28.2663307189941,1040.49340820312,29.6000003814697,-10.1999998092651,39.7999992370605,22.216667175293,-3.63333320617676,22.216667175293,-3.63333320617676,938,104,37,29.6130676269531,303,139,303,139,224,-21.6374269005848,-88.06293,41.81347,41.81347,-88.06293,41.81347,-88.06293,143,4.3,15.77,0,0,7.11,35.58,11.64,52.78,1.57,2.72,0.64,3.07,0.13,None,None,Moderately well drained,13.16,17.84,MortonArbIL,41.81347,-88.06293
QUE001796_mac,mac,0.994371,1e-05,42.03033,-93.632,9.16666698455811,11.75,27.3255805969238,1136.05639648438,30,-13,43,20.4333343505859,-5.65000009536743,22.5166664123535,-5.65000009536743,849,128,20,51.1333541870117,338,73,338,73,281,-29.7185430463576,-93.632,42.03033,42.03033,-93.632,42.03033,-93.632,136,0,29.16,0,0,6.57,24.87,34.42,40.71,1.48,4.46,4.66,7,0.2,None,Frequent,Moderately well drained,20.08,29.73,AmesIA,42.03033,-93.632
QUE001878_mac,mac,0.467108,0.532852,36.2107,-95.89476,15.5749998092651,12.783332824707,33.464225769043,926.595642089844,34.0999984741211,-4.09999990463257,38.1999969482422,20.3333339691162,3.76666665077209,26.75,3.76666665077209,1019,138,40,33.4750366210938,344,148,264,148,187,-39.3813206424747,-95.89476,36.2107,36.2107,-95.89476,36.2107,-95.89476,191,0,16.54,1,0,5.8,30.88,7.89,61.23,1.44,3.24,1.47,2.56,0.19,None,Occasional,Somewhat poorly drained,18.64,36.39,TulsaOK,36.2107,-95.89476
QUE001900_mac,mac,0.947706,0.045153,35.43874,-98.35495,15.2833337783813,13.2333335876465,34.0188522338867,932.96044921875,34.5999984741211,-4.30000019073486,38.8999977111816,20.0499992370605,3.59999990463257,26.6499996185303,3.59999990463257,755,124,24,48.6653518676758,293,85,220,85,471,-59.100758396533,-98.35495,35.43874,35.43874,-98.35495,35.43874,-98.35495,193,0,8.5,0,0,6.5,14,66.1,19.9,1.47,1.5,0.75,28.22,0.15,None,None,Well drained,14.44,26.18,HintonOK,35.43874,-98.35495
QUE001904_mac,mac,0.483756,0.50661,35.17705,-97.44921,15.9958333969116,12.8083333969116,34.0647163391113,900.354675292969,34.4000015258789,-3.20000004768372,37.6000022888184,20.6666660308838,4.59999990463257,26.8666667938232,4.59999990463257,906,132,33,38.4173049926758,320,119,242,119,342,-48.6685552407932,-97.44921,35.17705,35.17705,-97.44921,35.17705,-97.44921,195,0,25.9,0,0,8.1,43.93,7.43,48.64,1.46,6.66,1.16,4.37,0.15,None,Occasional,Somewhat poorly drained,14.9,30.21,NormanOK,35.17705,-97.44921
QUE001912_mac,mac,0.039076,0.960884,35.17722,-97.45003,16.0083332061768,12.8499994277954,34.1755294799805,900.479248046875,34.4000015258789,-3.20000004768372,37.6000022888184,20.6666660308838,4.61666631698608,26.8833332061768,4.61666631698608,905,133,33,38.6407585144043,323,119,240,119,338,-48.7832484436899,-97.45003,35.17722,35.17722,-97.45003,35.17722,-97.45003,195,0,25.9,0,0,8.1,43.93,7.43,48.64,1.46,6.66,1.16,4.37,0.15,None,Occasional,Somewhat poorly drained,14.9,30.21,NormanOK,35.17722,-97.45003
QUE001924_mac,mac,1e-05,0.99995,34.80377,-92.32698,16.7875003814697,12.3583335876465,35.3095245361328,838.939086914062,34,-1,35,16.8666667938232,26.1166667938232,26.8666667938232,6.06666660308838,1290,137,79,19.2227230072021,388,263,268,296,87,-15.9061277705345,-92.32698,34.80377,34.80377,-92.32698,34.80377,-92.32698,205,0,35,0,0,6.3,68.5,1.8,29.7,1.3,15.58,0.87,0.21,0.15,None,Rare,Poorly drained,15,22.95,LittleRockAR,34.80377,-92.32698
QUE001928_mac,mac,1e-05,0.99995,34.80445,-92.32612,16.7875003814697,12.3583335876465,35.3095245361328,838.939086914062,34,-1,35,16.8666667938232,26.1166667938232,26.8666667938232,6.06666660308838,1290,137,79,19.2227230072021,388,263,268,296,87,-15.9061277705345,-92.32612,34.80445,34.80445,-92.32612,34.80445,-92.32612,205,0,35,0,0,6.3,68.5,1.8,29.7,1.3,15.58,0.87,0.21,0.15,None,Rare,Poorly drained,15,22.95,LittleRockAR,34.80445,-92.32612
QUE001929_mac,mac,0.291314,0.708646,37.1574,-91.36496,13.4750003814697,13.4499998092651,35.2094268798828,904.180969238281,32.2999992370605,-5.90000009536743,38.2000007629395,13.4000005722046,1.79999995231628,24.2666664123535,1.79999995231628,1116,116,56,19.495044708252,333,218,284,218,215,-20.3426124197002,-91.36496,37.1574,37.1574,-91.36496,37.1574,-91.36496,147,NA,NA,NA,NA,NA,NA,NA,NA,NA,NA,NA,NA,NA,None,Frequent,Excessively drained,1,2,EminenceMO,37.1574,-91.36496
QUE001936_mac,mac,0.072146,0.927814,37.15758,-91.36513,13.4750003814697,13.4499998092651,35.2094268798828,904.180969238281,32.2999992370605,-5.90000009536743,38.2000007629395,13.4000005722046,1.79999995231628,24.2666664123535,1.79999995231628,1116,116,56,19.495044708252,333,218,284,218,215,-20.3426124197002,-91.36513,37.15758,37.15758,-91.36513,37.15758,-91.36513,147,NA,NA,NA,NA,NA,NA,NA,NA,NA,NA,NA,NA,NA,None,Frequent,Excessively drained,1,2,EminenceMO,37.15758,-91.36513
QUE001959_mac,mac,0.961563,0.038005,49.71187,-95.24456,1.97500002384186,11.6666669845581,23.4270401000977,1346.26843261719,24.7000007629395,-25.1000003814697,49.8000030517578,17.466667175293,-13.1666669845581,17.466667175293,-15.8833332061768,630,104,16,57.2047004699707,278,64,278,70,339,-23.4507897934386,-95.24456,49.71187,49.71187,-95.24456,49.71187,-95.24456,NA,NA,NA,NA,NA,NA,NA,NA,NA,NA,NA,NA,NA,NA,NA,NA,NA,NA,NA,WhiteshellMB,49.71187,-95.24456
QUE001969_mac,mac,0.99995,1e-05,49.76055,-99.15844,2.44166660308838,11.7166662216187,24.1083679199219,1331.26538085938,25.6000003814697,-23,48.5999984741211,15.4166669845581,-12.7166662216187,17.8333339691162,-14.9499998092651,501,88,18,55.9017181396484,227,62,221,64,374,-42.2145328719723,-99.15844,49.76055,49.76055,-99.15844,49.76055,-99.15844,NA,NA,NA,NA,NA,NA,NA,NA,NA,NA,NA,NA,NA,NA,NA,NA,NA,NA,NA,SpruceWoodsMB,49.76055,-99.15844
QUE001980_mac,mac,0.99995,1e-05,46.02383,-91.14557,4.44166660308838,12.3333330154419,27.5913486480713,1151.14135742188,25.6000003814697,-19.1000003814697,44.7000007629395,16.783332824707,-10.6166667938232,17.8333339691162,-10.6166667938232,822,112,21,49.2792625427246,333,82,320,82,426,-11.2311015118791,-91.14557,46.02383,46.02383,-91.14557,46.02383,-91.14557,103,0,6.63,0,0,5.44,6.96,64.64,28.4,1.55,0.53,0.85,11.65,0.13,None,None,Well drained,12.3,20.55,RoundLakeWI,46.02383,-91.14557
QUE001985_mac,mac,0.992274,1e-05,46.0244,-91.12945,4.42916679382324,12.3249998092651,27.5727062225342,1150.42175292969,25.6000003814697,-19.1000003814697,44.7000007629395,16.783332824707,-10.6000003814697,17.8166675567627,-10.6000003814697,825,112,21,49.1050148010254,333,82,322,82,433,-10.8108108108108,-91.12945,46.0244,46.0244,-91.12945,46.0244,-91.12945,103,0,115.4,0,0,5.46,3.49,77.99,18.52,1.59,0.21,3.26,61.26,0.09,None,None,Somewhat poorly drained,9.58,17.58,RoundLakeWI,46.0244,-91.12945
QUE002058_mac,mac,0.782124,0.205367,38.963586,-98.58906,12.5916662216187,14.2833337783813,33.4504318237305,1031.81616210938,34.0999984741211,-8.60000038146973,42.6999969482422,22.5833320617676,-0.333333343267441,25.2333335876465,-0.333333343267441,667,99,15,51.9121742248535,271,55,252,55,474,-61.400462962963,-98.58906,38.963586,38.963586,-98.58906,38.963586,-98.58906,158,5,20.57,0.71,0,7.86,25.31,12.43,62.26,1.36,3.44,2.14,6.66,0.22,None,Frequent,Well drained,21.27,42.42,MinookaKS,38.963586,-98.58906
QUE002068_mac,mac,0.125618,0.874342,38.842944,-97.588909,13.0874996185303,13.0583333969116,31.2400321960449,1040.29309082031,34.0999984741211,-7.69999980926514,41.7999992370605,23.2166652679443,0,25.8333320617676,0,753,113,20,51.8019638061523,317,69,282,69,373,-55.2052349791791,-97.588909,38.842944,38.842944,-97.588909,38.842944,-97.588909,162,8.25,7.1,0.43,0,8.12,11.3,38.15,50.55,1.45,0.84,1.14,9,0.19,None,Rare,Well drained,18.36,32.16,SalinaKS,38.842944,-97.588909
QUE002069_mac,mac,0.087699,0.912253,38.842944,-97.588909,13.0874996185303,13.0583333969116,31.2400321960449,1040.29309082031,34.0999984741211,-7.69999980926514,41.7999992370605,23.2166652679443,0,25.8333320617676,0,753,113,20,51.8019638061523,317,69,282,69,373,-55.2052349791791,-97.588909,38.842944,38.842944,-97.588909,38.842944,-97.588909,162,8.25,7.1,0.43,0,8.12,11.3,38.15,50.55,1.45,0.84,1.14,9,0.19,None,Rare,Well drained,18.36,32.16,SalinaKS,38.842944,-97.588909
QUE002072_mac,mac,0.114379,0.885581,39.839311,-88.367745,11.2208337783813,11.3249998092651,29.3393783569336,1015.76538085938,30.2000007629395,-8.39999961853027,38.5999984741211,21.2666664123535,-2.01666665077209,23.1333332061768,-2.01666665077209,1011,116,49,24.1338939666748,318,178,311,178,203,-17.2667757774141,-88.367745,39.839311,39.839311,-88.367745,39.839311,-88.367445,157,0,24.96,1,0,6.73,30.75,9.65,59.6,1.37,4.45,1.79,9.17,0.18,Frequent,Frequent,Poorly drained,17.75,28.45,ChickenbristleIL,39.839311,-88.367745
QUE002073_mac,mac,0.171873,0.828087,39.839311,-88.367745,11.2208337783813,11.3249998092651,29.3393783569336,1015.76538085938,30.2000007629395,-8.39999961853027,38.5999984741211,21.2666664123535,-2.01666665077209,23.1333332061768,-2.01666665077209,1011,116,49,24.1338939666748,318,178,311,178,203,-17.2667757774141,-88.367745,39.839311,39.839311,-88.367745,39.839311,-88.367445,157,0,24.96,1,0,6.73,30.75,9.65,59.6,1.37,4.45,1.79,9.17,0.18,Frequent,Frequent,Poorly drained,17.75,28.45,ChickenbristleIL,39.839311,-88.367745
QUE002076_mac,mac,0.135271,0.864689,39.839311,-88.367745,11.2208337783813,11.3249998092651,29.3393783569336,1015.76538085938,30.2000007629395,-8.39999961853027,38.5999984741211,21.2666664123535,-2.01666665077209,23.1333332061768,-2.01666665077209,1011,116,49,24.1338939666748,318,178,311,178,203,-17.2667757774141,-88.367745,39.839311,39.839311,-88.367745,39.839311,-88.367445,157,0,24.96,1,0,6.73,30.75,9.65,59.6,1.37,4.45,1.79,9.17,0.18,Frequent,Frequent,Poorly drained,17.75,28.45,ChickenbristleIL,39.839311,-88.367745
QUE002083_mac,mac,1e-05,0.99995,37.51651,-89.44542,13.7666664123535,11.8333330154419,31.8957767486572,937.245300292969,32,-5.09999990463257,37.0999984741211,13.6999998092651,20.3166675567627,24.8999996185303,1.63333332538605,1172,123,73,17.0490226745605,355,255,289,257,108,-14.2648134601317,-89.44542,37.51651,37.51651,-89.44542,37.51651,-89.44542,174,0,51.7,0,0,4.72,66.45,2.45,31.1,1.4,17,2.1,0.28,0.12,Occasional,Occasional,Poorly drained,12,24.36,ShawneeIL,37.51651,-89.44542
QUE002084_mac,mac,1e-05,0.99995,37.51726,-89.44584,13.7583332061768,11.783332824707,31.7610054016113,936.295471191406,32,-5.09999990463257,37.0999984741211,13.6833333969116,20.3166675567627,24.8666667938232,1.61666667461395,1174,123,73,16.9792137145996,355,256,291,257,112,-14.1185076810534,-89.44584,37.51726,37.51726,-89.44584,37.51726,-89.44584,174,0,51.7,0,0,4.72,66.45,2.45,31.1,1.4,17,2.1,0.28,0.12,Occasional,Occasional,Poorly drained,12,24.36,ShawneeIL,37.51726,-89.44584
QUE002087_mac,mac,0.055293,0.944667,38.73603,-86.41255,12.1041669845581,12.5249996185303,33.5790901184082,932.551391601562,30.6000003814697,-6.69999980926514,37.2999992370605,11.8000001907349,0.100000061094761,23.25,0.100000061094761,1162,125,73,17.4110736846924,346,238,316,238,179,-7.77777777777778,-86.41255,38.73603,38.73603,-86.41255,38.73603,-86.41255,151,0,19.17,0,0,5.41,32.04,20.42,47.53,1.46,4.17,1.27,6.11,0.15,None,None,Well drained,11.52,11.52,SpringMillIN,38.73603,-86.41255
QUE002096_mac,mac,0.008624,0.991336,38.73833,-86.41346,12.1041669845581,12.5249996185303,33.5790901184082,932.551391601562,30.6000003814697,-6.69999980926514,37.2999992370605,11.8000001907349,0.100000061094761,23.25,0.100000061094761,1162,125,73,17.4110736846924,346,238,316,238,179,-7.77777777777778,-86.41346,38.73833,38.73833,-86.41346,38.73833,-86.41346,154,0,19.81,0,0,5.21,41.64,4.11,54.25,1.48,5.03,0.65,6.4,0.16,None,None,Well drained,16.04,27.09,SpringMillIN,38.73833,-86.41346
QUE002110_mac,mac,0.802569,0.176912,41.53273,-87.2948,9.81666660308838,10.8833332061768,28.0498275756836,1015.61968994141,29.1000003814697,-9.69999980926514,38.7999992370605,15.0500001907349,-3.29999995231628,21.9166660308838,-3.29999995231628,962,109,38,27.0682125091553,302,149,297,149,201,-16.3478260869565,-87.2948,41.53273,41.53273,-87.2948,41.53273,-87.2948,154,6.7,14.11,0,0,6.63,32.07,14.01,53.92,1.51,2.94,0.81,4.11,0.15,None,None,Somewhat poorly drained,14.45,18.67,HobartIN,41.53273,-87.2948
QUE002114_mac,mac,0.916349,0.083611,41.53403,-87.29146,9.8125,10.875,28.0283508300781,1015.1357421875,29.1000003814697,-9.69999980926514,38.7999992370605,15.0333337783813,-3.29999995231628,21.8999996185303,-3.29999995231628,963,110,38,27.1029758453369,302,149,298,149,201,-16.1879895561358,-87.29146,41.53403,41.53403,-87.29146,41.53403,-87.29146,154,6.7,14.11,0,0,6.63,32.07,14.01,53.92,1.51,2.94,0.81,4.11,0.15,None,None,Somewhat poorly drained,14.45,18.67,HobartIN,41.53403,-87.29146
QUE002119_mac,mac,0.887287,0.107574,41.53239,-87.29708,9.81666660308838,10.8833332061768,28.0498275756836,1015.61968994141,29.1000003814697,-9.69999980926514,38.7999992370605,15.0500001907349,-3.29999995231628,21.9166660308838,-3.29999995231628,962,109,38,27.0682125091553,302,149,297,149,201,-16.3478260869565,-87.29708,41.53239,41.53239,-87.29708,41.53239,-87.29708,154,6.7,14.11,0,0,6.63,32.07,14.01,53.92,1.51,2.94,0.81,4.11,0.15,None,None,Somewhat poorly drained,14.45,18.67,HobartIN,41.53239,-87.29708
QUE002135_mac,mac,0.95219,1e-05,42.910269,-73.219522,7.59583330154419,12.1750001907349,30.5904521942139,1001.45227050781,27.5,-12.3000001907349,39.7999992370605,19.5666675567627,-4.05000019073486,19.5666675567627,-5.28333330154419,1032,106,61,15.5298137664795,298,203,298,210,184,1.77514792899408,-73.219522,42.910269,42.910269,-73.219522,42.910269,-73.219522,130,0,0.1,0,0,5.24,0.78,86.95,12.27,1.45,0.08,4.24,100,0.09,None,None,Excessively drained,8.4,10.9,BenningtonVT,42.910269,-73.219522
QUE002136_mac,mac,0.967661,1e-05,42.909897,-73.218712,7.59583330154419,12.1750001907349,30.5904521942139,1001.45227050781,27.5,-12.3000001907349,39.7999992370605,19.5666675567627,-4.05000019073486,19.5666675567627,-5.28333330154419,1032,106,61,15.5298137664795,298,203,298,210,184,1.77514792899408,-73.218712,42.909897,42.909897,-73.218712,42.909897,-73.218712,130,0,0.1,0,0,5.24,0.78,86.95,12.27,1.45,0.08,4.24,100,0.09,None,None,Excessively drained,8.4,10.9,BenningtonVT,42.909897,-73.218712
QUE002148_mac,mac,0.90315,0.067224,44.2343287,-73.243211,7.46250009536743,11.3083333969116,27.9218120574951,1040.62512207031,27.6000003814697,-12.8999996185303,40.5,18.8999996185303,-4.81666660308838,19.9333343505859,-5.81666660308838,865,100,44,22.4793796539307,271,151,267,156,37,-13.4134134134134,-73.243211,44.2343287,44.2343287,-73.243211,44.2343287,-73.243211,135,0,28.52,0,0,6.51,72.75,8.12,19.13,1.37,4.5,2.55,1.09,0.11,None,None,Very poorly drained,11.65,17.75,FerrisburghVT,44.2343287,-73.243211
QUE002151_mac,mac,0.947908,0.006897,44.2643368,-73.249727,7.39166641235352,11.25,27.9156322479248,1036.18359375,27.5,-12.8000001907349,40.2999992370605,18.8166656494141,-4.88333368301392,19.8166656494141,-5.80000019073486,871,100,44,22.5362110137939,273,152,269,156,50,-12.2860020140987,-73.249727,44.2643368,44.2643368,-73.249727,44.2643368,-73.249727,137,0,25.53,0,0,7.05,72.52,8.68,18.8,1.37,4.5,1.29,0.77,0.11,None,None,Moderately well drained,10.71,16.32,FerrisburghVT,44.2643368,-73.249727
QUE002159_mac,mac,0.939081,0.01433,44.5792499,-73.165539,7.07083320617676,10.5583333969116,26.1344890594482,1064.56237792969,27,-13.3999996185303,40.4000015258789,18.8500003814697,-5.59999990463257,19.783332824707,-6.5,856,98,38,26.2198314666748,281,140,272,142,42,-11.6615067079463,-73.165539,44.5792499,44.5792499,-73.165539,44.5792499,-73.165539,134,0,12.4,0,0,6.35,21.55,37.05,41.4,1.37,2.45,1.69,6.36,0.17,None,None,Moderately well drained,16.56,24.85,BurlingtonVT,44.5792499,-73.165539
QUE002160_mac,mac,0.935597,0.049352,44.6675241,-73.344894,7.1875,10.1916666030884,25.8671741485596,1034.72680664062,26.7000007629395,-12.6999998092651,39.4000015258789,18.8333339691162,-5.30000019073486,19.5833339691162,-5.81666660308838,766,91,33,27.6529178619385,252,120,246,124,39,-20.8677685950413,-73.344894,44.6675241,44.6675241,-73.344894,44.6675241,-73.344894,135,0,24.69,0,0,6.78,67,9.3,23.7,1.36,7.5,2.61,0.31,0.12,None,None,Poorly drained,11.51,17.32,GrandIsleVT,44.6675241,-73.344894
QUE002161_mac,mac,0.825028,0.132459,44.7174297,-73.32585,6.94166660308838,10.2166662216187,25.734676361084,1048.42272949219,26.5,-13.1999998092651,39.7000007629395,18.7000007629395,-5.68333339691162,19.4833335876465,-6.28333330154419,772,94,32,29.7751979827881,261,117,255,121,52,-19.2468619246862,-73.32585,44.7174297,44.7174297,-73.32585,44.7174297,-73.32585,135,0,10.86,0,0,6.92,20,26.5,53.5,1.51,1.5,2.03,6.76,0.13,None,None,Somewhat excessively drained,7.15,8.17,GrandIsleVT,44.7174297,-73.32585
QUE002166_mac,mac,0.244374,0.750021,38.46385,-90.80547,12.7333335876465,12.7833337783813,32.9467353820801,959.446655273438,31.8999996185303,-6.90000009536743,38.7999992370605,17.8500003814697,0.349999994039536,24.216667175293,0.349999994039536,982,111,51,19.8892860412598,293,179,262,179,153,-27.9530447542186,-90.80547,38.46385,38.46385,-90.80547,38.46385,-90.80547,164,0,13.08,1,0,7.16,15.25,9.21,75.54,1.43,1.61,1.22,9,0.19,None,Frequent,Well drained,19.46,38.45,ShawMO,38.46385,-90.80547
QUE002170_mac,mac,0.130266,0.869692,38.46187,-90.81498,12.7333335876465,12.7833337783813,32.9467353820801,959.446655273438,31.8999996185303,-6.90000009536743,38.7999992370605,17.8500003814697,0.349999994039536,24.216667175293,0.349999994039536,982,111,51,19.8892860412598,293,179,262,179,155,-27.9530447542186,-90.81498,38.46187,38.46187,-90.81498,38.46187,-90.81498,164,0,13.08,1,0,7.16,15.25,9.21,75.54,1.43,1.61,1.22,9,0.19,None,Frequent,Well drained,19.46,38.45,ShawMO,38.46187,-90.81498
QUE002175_mac,mac,0.12205,0.87791,38.46608,-90.8094,12.7333335876465,12.7833337783813,32.9467353820801,959.446655273438,31.8999996185303,-6.90000009536743,38.7999992370605,17.8500003814697,0.349999994039536,24.216667175293,0.349999994039536,982,111,51,19.8892860412598,293,179,262,179,155,-27.9530447542186,-90.8094,38.46608,38.46608,-90.8094,38.46608,-90.8094,164,0,17.77,0.2,0,5.36,33.4,7.03,59.57,1.42,2.58,0.78,2.36,0.14,None,None,Moderately well drained,13.67,17.43,ShawMO,38.46608,-90.8094
QUE002194_mac,mac,0.239709,0.760251,38.22685,-91.08245,12.8416662216187,13.283332824707,34.4127807617188,929.52294921875,31.8999996185303,-6.69999980926514,38.5999984741211,17.7666664123535,0.816666781902313,23.966667175293,0.816666781902313,1029,115,51,20.4568519592285,307,184,278,184,195,-25.5965292841649,-91.08245,38.22685,38.22685,-91.08245,38.22685,-91.08245,160,0,13.08,1,0,7.16,15.25,9.21,75.54,1.43,1.61,1.22,9,0.19,None,Frequent,Well drained,19.46,38.45,SullivanMO,38.22685,-91.08245
QUE002202_mac,mac,0.255193,0.744767,38.22441,-91.08194,12.8333330154419,13.3000001907349,34.4559593200684,929.998352050781,31.8999996185303,-6.69999980926514,38.5999984741211,17.7666664123535,0.800000011920929,23.966667175293,0.800000011920929,1030,115,51,20.4885292053223,307,184,279,184,200,-25.5780346820809,-91.08194,38.22441,38.22441,-91.08194,38.22441,-91.08194,160,0,13.08,1,0,7.16,15.25,9.21,75.54,1.43,1.61,1.22,9,0.19,None,Frequent,Well drained,19.46,38.45,SullivanMO,38.22441,-91.08194
QUE002256_mac,mac,0.397899,0.602061,38.98048,-94.80568,12.625,11.75,29.5969772338867,1011.18627929688,32,-7.69999980926514,39.7000007629395,22.4500007629395,-0.383333325386047,24.75,-0.383333325386047,1006,134,31,43.2202186584473,366,105,325,105,287,-31.3310580204778,-94.80568,38.98048,38.98048,-94.80568,38.98048,-94.80568,182,0,23.29,0.1,0,6.7,28.88,15.42,55.7,1.38,4.09,1.76,3.66,0.21,None,None,Somewhat excessively drained,8.83,8.83,ShawneeMissionKS,38.98048,-94.80568
QUE002265_mac,mac,0.398719,0.598214,38.98141,-94.81036,12.6708335876465,11.8249998092651,29.7110576629639,1012.75152587891,32.0999984741211,-7.69999980926514,39.7999992370605,22.5166664123535,-0.350000023841858,24.8166656494141,-0.350000023841858,1004,133,31,42.9745826721191,365,105,325,105,273,-31.4675767918089,-94.81036,38.98141,38.98141,-94.81036,38.98141,-94.81036,182,0,23.29,0.1,0,6.7,28.88,15.42,55.7,1.38,4.09,1.76,3.66,0.21,None,None,Somewhat excessively drained,8.83,8.83,ShawneeMissionKS,38.98141,-94.81036
QUE002268_mac,mac,0.188512,0.783016,38.80951,-95.18855,12.5749998092651,11.7666664123535,29.7890300750732,1003.16882324219,31.8999996185303,-7.59999990463257,39.5,22.25,-0.333333343267441,24.6166667938232,-0.333333343267441,993,139,30,43.3726692199707,364,104,327,104,310,-32.3108384458078,-95.18855,38.80951,38.80951,-95.18855,38.80951,-95.18855,171,0,19.19,0,0,6.3,23.11,43.38,33.5,1.39,3.26,1.59,7.66,0.17,None,None,Well drained,11.14,11.77,BaldwinKS,38.80951,-95.18855
QUE002291_mac,mac,0.26868,0.73128,38.80803,-95.19508,12.4499998092651,11.6500005722046,29.5685272216797,1003.60034179688,31.7000007629395,-7.69999980926514,39.4000015258789,22.1166667938232,-0.466666668653488,24.5,-0.466666668653488,993,139,30,43.5069313049316,365,104,327,104,342,-32.0793433652531,-95.19508,38.80803,38.80803,-95.19508,38.80803,-95.19508,171,0,22.64,0,0,6.59,27.25,6.25,66.5,1.36,4.15,2.56,9,0.21,None,Frequent,Moderately well drained,20.37,30.5,BaldwinKS,38.80803,-95.19508
QUE002299_mac,mac,0.16848,0.83148,39.10691,-96.60616,12.5166664123535,12.9333333969116,31.3155765533447,1033.88793945312,32.7000007629395,-8.60000038146973,41.3000030517578,22.5166664123535,-0.716666758060455,24.9500007629395,-0.716666758060455,888,134,22,51.6679382324219,365,72,321,72,341,-42.8571428571429,-96.60616,39.10691,39.10691,-96.60616,39.10691,-96.60616,153,5,21.13,0.5,0,7.99,26.37,5.87,67.76,1.33,3.83,2.16,9,0.21,None,Frequent,Well drained,20.26,40.55,KonzaKS,39.10691,-96.60616
QUE002338_mac,mac,0.766717,0.224862,42.30404,-83.74966,9.23750019073486,10.5249996185303,28.0666675567627,1002.06634521484,28.5,-9,37.5,21.283332824707,-3.46666669845581,21.283332824707,-3.46666669845581,852,86,46,18.9419193267822,249,161,249,161,247,-24.5349867139061,-83.74966,42.30404,42.30404,-83.74966,42.30404,-83.74966,129,3.15,19.31,0,0,7.05,23.94,50.91,25.15,1.5,3.04,1.64,21.56,0.15,Frequent,None,Poorly drained,14.8,17.86,AnnArborMI,42.30404,-83.74966
QUE002379_mac,mac,0.900465,0.099495,43.02037,-90.11654,7.31666660308838,11.466667175293,27.301586151123,1098.890625,27.7000007629395,-14.3000001907349,42,20.1833343505859,-7.01666641235352,20.1833343505859,-7.01666641235352,839,104,28,40.1388816833496,307,99,307,99,343,-19.6360153256705,-90.11654,43.02037,43.02037,-90.11654,43.02037,-90.11654,125,0,28.73,0,0,6.54,39.05,10.08,50.87,1.35,5.48,0.62,4.94,0.17,None,None,Well drained,14.7,14.93,DodgevilleWI,43.02037,-90.11654
QUE002384_mac,mac,0.99995,1e-05,43.01546,-88.44251,7.875,11.0333337783813,27.0424842834473,1072.14001464844,28,-12.8000001907349,40.7999992370605,19.5833339691162,-6.03333330154419,20.5666675567627,-6.03333330154419,841,103,28,36.9752998352051,300,106,298,106,272,-21.1808809746954,-88.44251,43.01546,43.01546,-88.44251,43.01546,-88.44251,138,0,20.88,0.1,NA,6.7,18.92,11.9,69.18,1.33,1.5,4.87,9,0.21,Occasional,Occasional,Somewhat poorly drained,20.54,36.94,OttawaWI,43.01546,-88.44251
QUE002393_mac,mac,0.989443,1e-05,43.01838,-88.43741,7.89583349227905,10.9916667938232,26.9403591156006,1072.572265625,28,-12.8000001907349,40.7999992370605,19.6166667938232,-6.01666688919067,20.5833339691162,-6.01666688919067,841,103,28,37.1839447021484,301,106,298,106,274,-21.5485074626866,-88.43741,43.01838,43.01838,-88.43741,43.01838,-88.43741,138,0,13.4,0.1,NA,6.7,15.8,13.02,71.18,1.32,2.82,1.34,9,0.21,None,Occasional,Well drained,20.92,29.32,OttawaWI,43.01838,-88.43741
QUE002404_mac,mac,0.93503,0.06493,43.03952,-89.43194,7.90000009536743,11.8333330154419,27.9747829437256,1098.51135253906,28.6000003814697,-13.6999998092651,42.2999992370605,20.8166675567627,-6.38333320617676,20.8166675567627,-6.38333320617676,828,104,29,38.525707244873,302,102,302,102,275,-24.2451967063129,-89.43194,43.03952,43.03952,-89.43194,43.03952,-89.43194,117,0,9.13,0.1,0,5.51,10.41,61.21,28.38,1.57,1.5,0.56,19.96,0.14,None,None,Somewhat poorly drained,13.51,29.26,MadisonWI,43.03952,-89.43194
QUE002411_mac,mac,0.99995,1e-05,43.03939,-89.43954,7.86250019073486,11.8083333969116,27.9156818389893,1100.77893066406,28.5,-13.8000001907349,42.2999992370605,20.7999992370605,-6.44999980926514,20.7999992370605,-6.44999980926514,830,104,29,38.5963973999023,302,102,302,102,291,-24.2700729927007,-89.43954,43.03939,43.03939,-89.43954,43.03939,-89.43954,117,4,18.23,0.1,0,6.33,23.84,17.01,59.16,1.47,2.96,0.51,7.15,0.18,None,None,Well drained,18.72,30.75,MadisonWI,43.03939,-89.43954
QUE002417_mac,mac,0.99995,1e-05,43.03966,-89.44229,7.80833339691162,11.7666664123535,27.8171787261963,1100.45617675781,28.5,-13.8000001907349,42.2999992370605,20.7333335876465,-6.5,20.7333335876465,-6.5,834,104,29,38.8667526245117,304,102,304,102,304,-23.6962488563586,-89.44229,43.03966,43.03966,-89.44229,43.03966,-89.44229,117,4,18.23,0.1,0,6.33,23.84,17.01,59.16,1.47,2.96,0.51,7.15,0.18,None,None,Well drained,18.72,30.75,MadisonWI,43.03966,-89.44229
QUE002427_mac,mac,0.99995,1e-05,44.36388,-93.93543,7.19583320617676,11.8083333969116,26.1246318817139,1205.03198242188,28.7999992370605,-16.3999996185303,45.1999969482422,21.25,-8.53333377838135,21.25,-8.53333377838135,747,116,14,54.1891326904297,320,58,320,58,235,-32.2756119673617,-93.93543,44.36388,44.36388,-93.93543,44.36388,-93.93543,137,5.21,11.26,0,0,7.03,17.39,55.95,26.66,1.49,2.98,1.05,68.74,0.13,None,None,Well drained,13.13,18.99,OttawaBluffsMN,44.36388,-93.93543
QUE002430_mac,mac,0.99995,1e-05,44.36413,-93.93551,7.19583320617676,11.8083333969116,26.1246318817139,1205.03198242188,28.7999992370605,-16.3999996185303,45.1999969482422,21.25,-8.53333377838135,21.25,-8.53333377838135,747,116,14,54.1891326904297,320,58,320,58,235,-32.2756119673617,-93.93551,44.36413,44.36413,-93.93551,44.36413,-93.93551,137,5.21,11.26,0,0,7.03,17.39,55.95,26.66,1.49,2.98,1.05,68.74,0.13,None,None,Well drained,13.13,18.99,OttawaBluffsMN,44.36413,-93.93551
QUE002433_mac,mac,0.99995,1e-05,45.53,-94.23291,6.1875,12.0249996185303,26.0281391143799,1225.427734375,28.2999992370605,-17.8999996185303,46.1999969482422,20.4499988555908,-9.80000019073486,20.4499988555908,-9.80000019073486,701,111,17,53.8113021850586,292,57,292,57,334,-35.1526364477336,-94.23291,45.53,45.53,-94.23291,45.53,-94.23291,129,0,7.87,0,0,5.73,11.69,65,23.31,1.59,1.5,0.67,14.36,0.13,None,None,Moderately well drained,13.06,18.02,QuarryParkMN,45.53,-94.23291
QUE002443_mac,mac,0.99995,1e-05,45.53088,-94.23989,6.17083311080933,12.0249996185303,26.0281391143799,1226.47766113281,28.2999992370605,-17.8999996185303,46.1999969482422,20.4499988555908,-9.81666660308838,20.4499988555908,-9.81666660308838,699,110,17,53.7928428649902,291,57,291,57,340,-35.4570637119114,-94.23989,45.53088,45.53088,-94.23989,45.53088,-94.23969,129,0,7.87,0,0,5.73,11.69,65,23.31,1.59,1.5,0.67,14.36,0.13,None,None,Moderately well drained,13.06,18.02,QuarryParkMN,45.53088,-94.23989
QUE002445_mac,mac,0.962762,0.037198,44.98602,-93.18341,7.53749990463257,11.4583330154419,25.2943344116211,1217.74401855469,29.2999992370605,-16,45.2999992370605,21.7999992370605,-8.33333301544189,21.7999992370605,-8.33333301544189,753,111,20,50.4544372558594,315,70,315,70,298,-34.3504795117698,-93.18341,44.98602,44.98602,-93.18341,44.98602,-93.18341,146,0,4.06,0,0,6.2,6.77,80.33,12.9,1.63,1.5,0.38,62.56,0.07,None,None,NA,6.98,8.54,TwinCitiesMN,44.98602,-93.18341
QUE002450_mac,mac,0.99995,1e-05,44.99094,-93.19437,7.57916641235352,11.4250001907349,25.2765483856201,1215.439453125,29.2999992370605,-15.8999996185303,45.1999969482422,21.7999992370605,-8.26666641235352,21.7999992370605,-8.26666641235352,755,111,19,50.703197479248,316,69,316,69,295,-34.2334494773519,-93.19437,44.99094,44.99094,-93.19437,44.99094,-93.19437,146,0,10.21,0,0,5.6,16.28,42.13,41.59,1.49,1.5,0.76,9,0.19,None,None,Well drained,19.12,25.9,TwinCitiesMN,44.99094,-93.19437
QUE002453_mac,mac,0.549102,0.450858,44.97771,-93.23801,7.82083320617676,11.4583330154419,25.2943344116211,1215.87316894531,29.6000003814697,-15.6999998092651,45.2999992370605,22.0499992370605,-8.01666641235352,22.0499992370605,-8.01666641235352,758,111,19,51.3698654174805,321,68,321,68,250,-34.5987920621225,-93.23801,44.97771,44.97771,-93.23801,44.97771,-93.23801,148,NA,NA,NA,NA,NA,NA,NA,NA,NA,NA,NA,NA,NA,None,None,NA,NA,NA,TwinCitiesMN,44.97771,-93.23801
QUE002454_mac,mac,0.99995,1e-05,41.08874,-85.12054,10.2875003814697,11.1916666030884,28.8445014953613,1016.39544677734,29.8999996185303,-8.89999961853027,38.7999992370605,20.3833332061768,-1.18333327770233,22.466667175293,-2.73333334922791,900,99,45,22.8315410614014,284,161,276,161,231,-23.728813559322,-85.12054,41.08874,41.08874,-85.12054,41.08874,-85.12054,148,0,11.87,0,0,6.2,22.94,49.91,27.15,1.49,2.3,0.56,9.17,0.18,None,None,Well drained,17.56,38.71,FortWayneIN,41.08874,-85.12054
QUE002459_mac,mac,0.699472,0.300488,41.08937,-85.11921,10.2875003814697,11.1916666030884,28.8445014953613,1016.39544677734,29.8999996185303,-8.89999961853027,38.7999992370605,20.3833332061768,-1.18333327770233,22.466667175293,-2.73333334922791,900,99,45,22.8315410614014,284,161,276,161,231,-23.728813559322,-85.11921,41.08937,41.08937,-85.11921,41.08937,-85.11921,148,0,11.87,0,0,6.2,22.94,49.91,27.15,1.49,2.3,0.56,9.17,0.18,None,None,Well drained,17.56,38.71,FortWayneIN,41.08937,-85.11921
QUE002460_mac,mac,0.630678,0.344244,40.0436,-83.47987,10.4041662216187,11.5249996185303,31.4032707214355,948.097290039062,28.7999992370605,-7.90000009536743,36.7000007629395,19.7333335876465,-1.76666676998138,21.6499996185303,-1.76666676998138,963,108,52,22.8703098297119,311,176,296,176,316,-17.6923076923077,-83.47987,40.0436,40.0436,-83.47987,40.0436,-83.47987,148,0,27.9,0,0,6.42,34.6,21.44,43.96,1.48,5.18,2.34,2.82,0.16,Frequent,None,Very poorly drained,15.4,27.92,PearlKingOH,40.0436,-83.47987
QUE002467_mac,mac,0.704977,0.264579,40.04436,-83.47891,10.4041662216187,11.5249996185303,31.4032707214355,948.097290039062,28.7999992370605,-7.90000009536743,36.7000007629395,19.7333335876465,-1.76666676998138,21.6499996185303,-1.76666676998138,963,108,52,22.8703098297119,311,176,296,176,316,-17.6923076923077,-83.47891,40.04436,40.04436,-83.47891,40.04436,-83.47891,148,0,27.9,0,0,6.42,34.6,21.44,43.96,1.48,5.18,2.34,2.82,0.16,Frequent,None,Very poorly drained,15.4,27.92,PearlKingOH,40.04436,-83.47891
QUE002474_mac,mac,0.698465,0.295473,40.73036,-83.09472,9.70416641235352,11.158332824707,30.0763702392578,968.29150390625,28.5,-8.60000038146973,37.0999984741211,19.0833339691162,-1.46666669845581,21.216667175293,-2.66666674613953,944,105,46,24.4650363922119,309,169,295,171,290,-16.6077738515901,-83.09472,40.73036,40.73036,-83.09472,40.73036,-83.09472,147,0.18,14.16,0,0,6.17,26.68,20.62,52.7,1.5,2.83,1.27,9.1,0.16,None,None,Somewhat poorly drained,16.35,25.6,DaughmerOH,40.73036,-83.09472
QUE002478_mac,mac,0.561837,0.438123,40.72819,-83.09294,9.70416641235352,11.158332824707,30.0763702392578,968.29150390625,28.5,-8.60000038146973,37.0999984741211,19.0833339691162,-1.46666669845581,21.216667175293,-2.66666674613953,944,105,46,24.4650363922119,309,169,295,171,290,-16.6077738515901,-83.09294,40.72819,40.72819,-83.09294,40.72819,-83.09294,147,0.18,14.16,0,0,6.17,26.68,20.62,52.7,1.5,2.83,1.27,9.1,0.16,None,None,Somewhat poorly drained,16.35,25.6,DaughmerOH,40.72819,-83.09294
QUE002492_mac,mac,0.652482,0.347478,41.55453,-84.35494,9.20833301544189,11.6333332061768,30.1381702423096,1001.69134521484,28.7999992370605,-9.80000019073486,38.5999984741211,19.1000003814697,-3.63333344459534,21.1166667938232,-3.63333344459534,875,92,42,22.7658824920654,269,152,266,152,227,-20.0913242009132,-84.35494,41.55453,41.55453,-84.35494,41.55453,-84.35494,146,1.54,19.92,0.18,0,7.04,35,14,51,1.56,4.59,2.24,0.05,0.12,Frequent,None,Poorly drained,12,23.33,GollWoodsOH,41.55453,-84.35494
QUE002496_mac,mac,0.896659,0.103301,41.71553,-87.86614,9.64166641235352,10.3166666030884,26.796537399292,1018.60382080078,28.6000003814697,-9.89999961853027,38.5,21.783332824707,-3.51666665077209,21.783332824707,-3.51666665077209,946,102,39,27.4736042022705,298,147,298,147,218,-17.4520069808028,-87.86614,41.71553,41.71553,-87.86614,41.71553,-87.86614,154,1.55,16.28,0,0,6.27,32.75,11.15,56.1,1.53,2.87,0.68,4.94,0.15,None,None,Moderately well drained,15.32,19.98,CranberrySloughIL,41.71553,-87.86614
QUE002502_mac,mac,0.827902,0.172058,41.71129,-87.86589,9.64166641235352,10.3166666030884,26.796537399292,1018.60382080078,28.6000003814697,-9.89999961853027,38.5,21.783332824707,-3.51666665077209,21.783332824707,-3.51666665077209,946,102,39,27.4736042022705,298,147,298,147,218,-17.4520069808028,-87.86589,41.71129,41.71129,-87.86589,41.71129,-87.86589,154,0,31.9,0,0,7.19,38.9,5.31,55.79,1.4,6.98,3.15,2.82,0.17,Frequent,None,Very poorly drained,16.56,24.86,CranberrySloughIL,41.71129,-87.86589
QUE002510_mac,mac,0.808715,0.186053,41.70489,-87.86563,9.62083339691162,10.2916669845581,26.8012161254883,1016.42077636719,28.5,-9.89999961853027,38.4000015258789,21.716667175293,-3.51666665077209,21.716667175293,-3.51666665077209,948,102,39,27.5619144439697,298,147,298,147,216,-16.9877408056042,-87.86563,41.70489,41.70489,-87.86563,41.70489,-87.86563,154,3.75,14.55,0,0,7.04,32.53,11.7,55.77,1.55,2.43,0.69,3.74,0.14,None,None,Moderately well drained,14.19,18.85,CranberrySloughIL,41.70489,-87.86563
QUE002515_mac,mac,0.271662,0.728298,41.35763,-88.3248,9.99166679382324,11.1666669845581,28.1986541748047,1032.0078125,29.3999996185303,-10.1999998092651,39.5999984741211,20,-3.41666674613953,22.2000007629395,-3.41666674613953,919,100,35,29.6198463439941,296,135,287,135,160,-21.7206132879046,-88.3248,41.35763,41.35763,-88.3248,41.35763,-88.3248,147,0,16.85,0,0,6.5,25.34,31.7,42.96,1.48,3.08,0.96,8.55,0.19,None,None,Well drained,17.35,17.35,GooseLakeIL,41.35763,-88.3248
QUE002518_mac,mac,0.99995,1e-05,41.35543,-88.31912,9.99166679382324,11.1666669845581,28.1986541748047,1032.0078125,29.3999996185303,-10.1999998092651,39.5999984741211,20,-3.41666674613953,22.2000007629395,-3.41666674613953,919,100,35,29.6198463439941,296,135,287,135,160,-21.7206132879046,-88.31912,41.35543,41.35543,-88.31912,41.35543,-88.31912,147,1.45,20.89,0,0,7.3,27.61,27.97,44.42,1.44,3.89,2.36,6.71,0.19,Frequent,None,Poorly drained,12.06,12.06,GooseLakeIL,41.35543,-88.31912
QUE002520_mac,mac,0.279927,0.720033,41.35823,-88.3248,9.99166679382324,11.1666669845581,28.1986541748047,1032.0078125,29.3999996185303,-10.1999998092651,39.5999984741211,20,-3.41666674613953,22.2000007629395,-3.41666674613953,919,100,35,29.6198463439941,296,135,287,135,160,-21.7206132879046,-88.3248,41.35823,41.35823,-88.3248,41.35823,-88.3248,147,0,16.85,0,0,6.5,25.34,31.7,42.96,1.48,3.08,0.96,8.55,0.19,None,None,Well drained,17.35,17.35,GooseLakeIL,41.35823,-88.3248
QUE002521_mac,mac,0.89615,0.10381,42.18309,-87.91367,9.36666679382324,10.5500001907349,27.1208229064941,1030.38684082031,28.6000003814697,-10.3000001907349,38.9000015258789,21.6499996185303,-3.88333344459534,21.6499996185303,-3.88333344459534,892,105,34,30.1233768463135,294,135,294,135,209,-22.5021720243267,-87.91367,42.18309,42.18309,-87.91367,42.18309,-87.91367,147,3.14,16.31,0,0,6.92,25.49,16.84,57.67,1.41,2.94,0.72,9.59,0.19,None,None,Moderately well drained,18.82,36.44,RyersonWoodsIL,42.18309,-87.91367
QUE002533_mac,mac,0.976481,0.023479,42.18369,-87.91427,9.30833339691162,10.5166664123535,27.1048107147217,1029.20275878906,28.5,-10.3000001907349,38.7999992370605,21.6000003814697,-3.91666674613953,21.6000003814697,-3.91666674613953,888,104,34,29.9278602600098,292,135,292,135,206,-22.4454148471616,-87.91427,42.18369,42.18369,-87.91427,42.18369,-87.91427,147,7.72,22.86,0,0,7.35,28.21,15.84,55.95,1.42,3.62,2.06,9.61,0.17,Frequent,None,Poorly drained,17.38,33.01,RyersonWoodsIL,42.18369,-87.91427
QUE002542_mac,mac,0.644088,0.355872,41.82484,-87.93243,9.93333339691162,10.7833337783813,27.4385070800781,1036.03991699219,29.3999996185303,-9.89999961853027,39.2999992370605,22.3166656494141,-3.43333339691162,22.3166656494141,-3.43333339691162,935,103,39,27.8117599487305,298,145,298,145,205,-22.0183486238532,-87.93243,41.82484,41.82484,-87.93243,41.82484,-87.93243,148,0,24.96,1,0,6.73,30.75,9.65,59.6,1.37,4.45,1.89,9.17,0.18,Frequent,Frequent,Poorly drained,17.78,28.73,FullersburgWoodsIL,41.82484,-87.93243
QUE002558_mac,mac,0.849149,0.150811,41.82545,-87.93266,9.93333339691162,10.7833337783813,27.4385070800781,1036.03991699219,29.3999996185303,-9.89999961853027,39.2999992370605,22.3166656494141,-3.43333339691162,22.3166656494141,-3.43333339691162,933,104,39,27.8793849945068,298,145,298,145,205,-22.25,-87.93266,41.82545,41.82545,-87.93266,41.82545,-87.93266,148,12.95,11.63,0,0,7.62,20.77,48.58,30.65,1.56,3.09,0.47,129.3,0.13,None,None,Well drained,12.93,19.46,FullersburgWoodsIL,41.82545,-87.93266
QUE002559_mac,mac,0.927815,0.072145,41.82556,-87.93279,9.93333339691162,10.7833337783813,27.4385070800781,1036.03991699219,29.3999996185303,-9.89999961853027,39.2999992370605,22.3166656494141,-3.43333339691162,22.3166656494141,-3.43333339691162,933,104,39,27.8793849945068,298,145,298,145,205,-22.25,-87.93279,41.82556,41.82556,-87.93279,41.82556,-87.93279,148,12.95,11.63,0,0,7.62,20.77,48.58,30.65,1.56,3.09,0.47,129.3,0.13,None,None,Well drained,12.93,19.46,FullersburgWoodsIL,41.82556,-87.93279
QUE002560_mac,mac,0.99995,1e-05,42.257804,-87.881609,8.81666660308838,10.1499996185303,26.7105255126953,1007.89459228516,27.5,-10.5,38,20.8166675567627,-4.15000009536743,20.8166675567627,-4.15000009536743,880,103,34,29.9519100189209,289,135,289,135,208,-18.8940092165899,-87.881609,42.257804,42.257804,-87.881609,42.257804,-87.881609,147,6.8,23.94,0,0,7.59,41.02,11.34,47.64,1.56,3.9,0.65,2.35,0.11,None,None,Somewhat poorly drained,11.33,14.86,MiddleforkIL,42.257804,-87.881609
QUE002564_mac,mac,0.958637,0.035266,42.257804,-87.881609,8.81666660308838,10.1499996185303,26.7105255126953,1007.89459228516,27.5,-10.5,38,20.8166675567627,-4.15000009536743,20.8166675567627,-4.15000009536743,880,103,34,29.9519100189209,289,135,289,135,208,-18.8940092165899,-87.881609,42.257804,42.257804,-87.881609,42.257804,-87.881609,147,6.8,23.94,0,0,7.59,41.02,11.34,47.64,1.56,3.9,0.65,2.35,0.11,None,None,Somewhat poorly drained,11.33,14.86,MiddleforkIL,42.257804,-87.881609
QUE002570_mac,mac,0.99995,1e-05,43.76049,-103.47675,6.52916669845581,13.1916666030884,35.366397857666,873.713256835938,26.5,-10.8000001907349,37.2999992370605,15,-2.58333349227905,17.8500003814697,-3.51666665077209,499,89,11,67.0554351806641,248,41,209,41,1595,-65.1292802236198,-103.47675,43.76049,43.76049,-103.47675,43.76049,-103.47675,103,0,19.43,0.31,0,6.29,23.98,37.09,38.93,1.29,1.99,3.2,12.09,0.13,None,None,Well drained,10.13,18.77,CusterSD,43.76049,-103.47675
QUE001721_mac,mac,0.656888,0.343072,39.93549,-89.80068,11.25,11.5166664123535,29.3792514801025,1020.66821289062,30.5,-8.69999980926514,39.2000007629395,21.2666664123535,-2.08333325386047,23.25,-2.08333325386047,926,106,40,26.0178775787354,295,149,276,149,179,-27.4294670846395,-89.80068,39.93549,39.93549,-89.80068,39.93549,-89.80068,161,0,17.98,1,0,5.75,28.01,4,67.99,1.45,3.05,0.35,9.17,0.2,None,None,Well drained,19.78,30.67,StarhillIL,39.93549,-89.80068
