JCB-21_S42_L001,000000000-BY462.1,JCB-21_S42_L001_01,000000000-BY462.1.QUE002637,QUE002637
JCB-23_S40_L001,000000000-BY462.1,JCB-23_S40_L001_01,000000000-BY462.1.QUE002631,QUE002631
JCB-30_S45_L001,000000000-BY462.1,JCB-30_S45_L001_01,000000000-BY462.1.QUE002647,QUE002647
JCB-40_S32_L001,000000000-BY462.1,JCB-40_S32_L001_01,000000000-BY462.1.QUE002613,QUE002613
JCB-41_S33_L001,000000000-BY462.1,JCB-41_S33_L001_01,000000000-BY462.1.QUE002614,QUE002614
JCB-43_S35_L001,000000000-BY462.1,JCB-43_S35_L001_01,000000000-BY462.1.QUE002616,QUE002616
JCB-44_S36_L001,000000000-BY462.1,JCB-44_S36_L001_01,000000000-BY462.1.QUE002617,QUE002617
JCB-54_S48_L001,000000000-BY462.1,JCB-54_S48_L001_01,000000000-BY462.1.QUE002599,QUE002599
JCB-58_S39_L001,000000000-BY462.1,JCB-58_S39_L001_01,000000000-BY462.1.QUE002628,QUE002628
JCB-68_S37_L001,000000000-BY462.1,JCB-68_S37_L001_01,000000000-BY462.1.QUE002601,QUE002601
JCB-73_S43_L001,000000000-BY462.1,JCB-73_S43_L001_01,000000000-BY462.1.QUE002638,QUE002638
JCB-79_S34_L001,000000000-BY462.1,JCB-79_S34_L001_01,000000000-BY462.1.QUE002615,QUE002615
JCB-85_S47_L001,000000000-BY462.1,JCB-85_S47_L001_01,000000000-BY462.1.QUE002595,QUE002595
JCB-90_S41_L001,000000000-BY462.1,JCB-90_S41_L001_01,000000000-BY462.1.QUE002634,QUE002634
JCB-91_S46_L001,000000000-BY462.1,JCB-91_S46_L001_01,000000000-BY462.1.QUE002590,QUE002590
JCB-97_S38_L001,000000000-BY462.1,JCB-97_S38_L001_01,000000000-BY462.1.QUE002608,QUE002608
JCB-99_S44_L001,000000000-BY462.1,JCB-99_S44_L001_01,000000000-BY462.1.QUE002641,QUE002641
MVX_1002_EGX_P6_S32_L001,000000000-BPKMG.1,MVX_1002_EGX_P6_S32_L001_01,000000000-BPKMG.1.QUE002936,QUE002936
OAK-MOR-000068_S321_L007,HCHTYBBXY.7,OAK-MOR-000068_S321_L007_01,HCHTYBBXY.7.QUE000142,QUE000142
OAK-MOR-000076_S323_L007,HCHTYBBXY.7,OAK-MOR-000076_S323_L007_01,HCHTYBBXY.7.QUE000128,QUE000128
OAK-MOR-000127_S330_L007,HCHTYBBXY.7,OAK-MOR-000127_S330_L007_01,HCHTYBBXY.7.QUE000328,QUE000328
OAK-MOR-000133_S360_L007,HCHTYBBXY.7,OAK-MOR-000133_S360_L007_01,HCHTYBBXY.7.QUE000287,QUE000287
OAK-MOR-000135_S359_L007,HCHTYBBXY.7,OAK-MOR-000135_S359_L007_01,HCHTYBBXY.7.QUE000296,QUE000296
OAK-MOR-000142_S351_L007,HCHTYBBXY.7,OAK-MOR-000142_S351_L007_01,HCHTYBBXY.7.QUE000131,QUE000131
OAK-MOR-000189_S296_L007,HCHTYBBXY.7,OAK-MOR-000189_S296_L007_01,HCHTYBBXY.7.QUE000611,QUE000611
OAK-MOR-000222_S300_L007,HCHTYBBXY.7,OAK-MOR-000222_S300_L007_01,HCHTYBBXY.7.QUE000649,QUE000649
OAK-MOR-000254_S356_L007,HCHTYBBXY.7,OAK-MOR-000254_S356_L007_01,HCHTYBBXY.7.QUE000635,QUE000635
OAK-MOR-000256_S344_L007,HCHTYBBXY.7,OAK-MOR-000256_S344_L007_01,HCHTYBBXY.7.QUE000591,QUE000591
OAK-MOR-000342_S202_L007,HCHTYBBXY.7,OAK-MOR-000342_S202_L007_01,HCHTYBBXY.7.QUE000136,QUE000136
OAK-MOR-000346_S326_L007,HCHTYBBXY.7,OAK-MOR-000346_S326_L007_01,HCHTYBBXY.7.QUE000658,QUE000658
OAK-MOR-000354_S343_L007,HCHTYBBXY.7,OAK-MOR-000354_S343_L007_01,HCHTYBBXY.7.QUE000106,QUE000106
OAK-MOR-000358_S348_L007,HCHTYBBXY.7,OAK-MOR-000358_S348_L007_01,HCHTYBBXY.7.QUE000108,QUE000108
OAK-MOR-000362_S294_L007,HCHTYBBXY.7,OAK-MOR-000362_S294_L007_01,HCHTYBBXY.7.QUE000163,QUE000163
OAK-MOR-000365_S295_L007,HCHTYBBXY.7,OAK-MOR-000365_S295_L007_01,HCHTYBBXY.7.QUE000160,QUE000160
OAK-MOR-000370_S329_L007,HCHTYBBXY.7,OAK-MOR-000370_S329_L007_01,HCHTYBBXY.7.QUE000345,QUE000345
OAK-MOR-000390_S355_L007,HCHTYBBXY.7,OAK-MOR-000390_S355_L007_01,HCHTYBBXY.7.QUE000129,QUE000129
OAK-MOR-000391_S346_L007,HCHTYBBXY.7,OAK-MOR-000391_S346_L007_01,HCHTYBBXY.7.QUE000130,QUE000130
OAK-MOR-000392_S324_L007,HCHTYBBXY.7,OAK-MOR-000392_S324_L007_01,HCHTYBBXY.7.QUE000126,QUE000126
OAK-MOR-000399_S357_L007,HCHTYBBXY.7,OAK-MOR-000399_S357_L007_01,HCHTYBBXY.7.QUE000318,QUE000318
OAK-MOR-000418_S298_L007,HCHTYBBXY.7,OAK-MOR-000418_S298_L007_01,HCHTYBBXY.7.QUE000290,QUE000290
OAK-MOR-000428_S301_L007,HCHTYBBXY.7,OAK-MOR-000428_S301_L007_01,HCHTYBBXY.7.QUE000680,QUE000680
OAK-MOR-000431_S327_L007,HCHTYBBXY.7,OAK-MOR-000431_S327_L007_01,HCHTYBBXY.7.QUE000579,QUE000579
OAK-MOR-000435_S352_L007,HCHTYBBXY.7,OAK-MOR-000435_S352_L007_01,HCHTYBBXY.7.QUE000635,QUE000635
OAK-MOR-000444_S299_L007,HCHTYBBXY.7,OAK-MOR-000444_S299_L007_01,HCHTYBBXY.7.QUE000810,QUE000810
OAK-MOR-000461_S345_L007,HCHTYBBXY.7,OAK-MOR-000461_S345_L007_01,HCHTYBBXY.7.QUE000590,QUE000590
OAK-MOR-000476_S331_L007,HCHTYBBXY.7,OAK-MOR-000476_S331_L007_01,HCHTYBBXY.7.QUE000342,QUE000342
OAK-MOR-000488_S341_L007,HCHTYBBXY.7,OAK-MOR-000488_S341_L007_01,HCHTYBBXY.7.QUE000844,QUE000844
OAK-MOR-000490_S347_L007,HCHTYBBXY.7,OAK-MOR-000490_S347_L007_01,HCHTYBBXY.7.QUE000572,QUE000572
OAK-MOR-000495_S337_L007,HCHTYBBXY.7,OAK-MOR-000495_S337_L007_01,HCHTYBBXY.7.QUE000848,QUE000848
OAK-MOR-000498_S353_L007,HCHTYBBXY.7,OAK-MOR-000498_S353_L007_01,HCHTYBBXY.7.QUE000127,QUE000127
OAK-MOR-000500_S349_L007,HCHTYBBXY.7,OAK-MOR-000500_S349_L007_01,HCHTYBBXY.7.QUE000641,QUE000641
OAK-MOR-000507_S367_L007,HCHTYBBXY.7,OAK-MOR-000507_S367_L007_01,HCHTYBBXY.7.QUE000348,QUE000348
OAK-MOR-000511_S297_L007,HCHTYBBXY.7,OAK-MOR-000511_S297_L007_01,HCHTYBBXY.7.QUE000661,QUE000661
OAK-MOR-000513_S354_L007,HCHTYBBXY.7,OAK-MOR-000513_S354_L007_01,HCHTYBBXY.7.QUE000592,QUE000592
OAK-MOR-000532_S196_L007,HCHTYBBXY.7,OAK-MOR-000532_S196_L007_01,HCHTYBBXY.7.QUE000678,QUE000678
OAK-MOR-000537_S292_L007,HCHTYBBXY.7,OAK-MOR-000537_S292_L007_01,HCHTYBBXY.7.QUE000159,QUE000159
OAK-MOR-000543_S358_L007,HCHTYBBXY.7,OAK-MOR-000543_S358_L007_01,HCHTYBBXY.7.QUE000807,QUE000807
OAK-MOR-000545_S325_L007,HCHTYBBXY.7,OAK-MOR-000545_S325_L007_01,HCHTYBBXY.7.QUE000814,QUE000814
OAK-MOR-000575_S322_L007,HCHTYBBXY.7,OAK-MOR-000575_S322_L007_01,HCHTYBBXY.7.QUE000576,QUE000576
OAK-MOR-000595_S361_L007,HCHTYBBXY.7,OAK-MOR-000595_S361_L007_01,HCHTYBBXY.7.QUE000601,QUE000601
OAK-MOR-000601_S328_L007,HCHTYBBXY.7,OAK-MOR-000601_S328_L007_01,HCHTYBBXY.7.QUE001059,QUE001059
OAK-MOR-000625_S363_L007,HCHTYBBXY.7,OAK-MOR-000625_S363_L007_01,HCHTYBBXY.7.QUE000985,QUE000985
OAK-MOR-000639_S239_L007,HCHTYBBXY.7,OAK-MOR-000639_S239_L007_01,HCHTYBBXY.7.QUE000322,QUE000322
OAK-MOR-000650_S362_L007,HCHTYBBXY.7,OAK-MOR-000650_S362_L007_01,HCHTYBBXY.7.QUE000293,QUE000293
OAK-MOR-000687_S350_L007,HCHTYBBXY.7,OAK-MOR-000687_S350_L007_01,HCHTYBBXY.7.QUE001013,QUE001013
OAK-MOR-000688_S320_L007,HCHTYBBXY.7,OAK-MOR-000688_S320_L007_01,HCHTYBBXY.7.QUE000105,QUE000105
OAK-MOR-000696_S365_L007,HCHTYBBXY.7,OAK-MOR-000696_S365_L007_01,HCHTYBBXY.7.QUE000315,QUE000315
OAK-MOR-000697_S364_L007,HCHTYBBXY.7,OAK-MOR-000697_S364_L007_01,HCHTYBBXY.7.QUE000336,QUE000336
OAK-MOR-000718_S366_L007,HCHTYBBXY.7,OAK-MOR-000718_S366_L007_01,HCHTYBBXY.7.QUE001014,QUE001014
OAK-MOR-000738_S214_L007,HCHTYBBXY.7,OAK-MOR-000738_S214_L007_01,HCHTYBBXY.7.QUE001333,QUE001333
OAK-MOR-000739_S257_L007,HCHTYBBXY.7,OAK-MOR-000739_S257_L007_01,HCHTYBBXY.7.QUE001334,QUE001334
OAK-MOR-000740_S255_L007,HCHTYBBXY.7,OAK-MOR-000740_S255_L007_01,HCHTYBBXY.7.QUE001335,QUE001335
OAK-MOR-000741_S236_L007,HCHTYBBXY.7,OAK-MOR-000741_S236_L007_01,HCHTYBBXY.7.QUE001336,QUE001336
OAK-MOR-000742_S248_L007,HCHTYBBXY.7,OAK-MOR-000742_S248_L007_01,HCHTYBBXY.7.QUE001337,QUE001337
OAK-MOR-000743_S261_L007,HCHTYBBXY.7,OAK-MOR-000743_S261_L007_01,HCHTYBBXY.7.QUE001338,QUE001338
OAK-MOR-000744_S265_L007,HCHTYBBXY.7,OAK-MOR-000744_S265_L007_01,HCHTYBBXY.7.QUE001339,QUE001339
OAK-MOR-000746_S224_L007,HCHTYBBXY.7,OAK-MOR-000746_S224_L007_01,HCHTYBBXY.7.QUE001341,QUE001341
OAK-MOR-000747_S274_L007,HCHTYBBXY.7,OAK-MOR-000747_S274_L007_01,HCHTYBBXY.7.QUE001342,QUE001342
OAK-MOR-000748_S264_L007,HCHTYBBXY.7,OAK-MOR-000748_S264_L007_01,HCHTYBBXY.7.QUE001343,QUE001343
OAK-MOR-000749_S272_L007,HCHTYBBXY.7,OAK-MOR-000749_S272_L007_01,HCHTYBBXY.7.QUE001344,QUE001344
OAK-MOR-000750_S276_L007,HCHTYBBXY.7,OAK-MOR-000750_S276_L007_01,HCHTYBBXY.7.QUE001345,QUE001345
OAK-MOR-000751_S278_L007,HCHTYBBXY.7,OAK-MOR-000751_S278_L007_01,HCHTYBBXY.7.QUE001346,QUE001346
OAK-MOR-000752_S281_L007,HCHTYBBXY.7,OAK-MOR-000752_S281_L007_01,HCHTYBBXY.7.QUE001347,QUE001347
OAK-MOR-000753_S275_L007,HCHTYBBXY.7,OAK-MOR-000753_S275_L007_01,HCHTYBBXY.7.QUE001348,QUE001348
OAK-MOR-000754_S249_L007,HCHTYBBXY.7,OAK-MOR-000754_S249_L007_01,HCHTYBBXY.7.QUE001349,QUE001349
OAK-MOR-000755_S258_L007,HCHTYBBXY.7,OAK-MOR-000755_S258_L007_01,HCHTYBBXY.7.QUE001350,QUE001350
OAK-MOR-000756_S256_L007,HCHTYBBXY.7,OAK-MOR-000756_S256_L007_01,HCHTYBBXY.7.QUE001351,QUE001351
OAK-MOR-000757_S270_L007,HCHTYBBXY.7,OAK-MOR-000757_S270_L007_01,HCHTYBBXY.7.QUE001352,QUE001352
OAK-MOR-000758_S288_L007,HCHTYBBXY.7,OAK-MOR-000758_S288_L007_01,HCHTYBBXY.7.QUE001353,QUE001353
OAK-MOR-000759_S263_L007,HCHTYBBXY.7,OAK-MOR-000759_S263_L007_01,HCHTYBBXY.7.QUE001354,QUE001354
OAK-MOR-000760_S284_L007,HCHTYBBXY.7,OAK-MOR-000760_S284_L007_01,HCHTYBBXY.7.QUE001355,QUE001355
OAK-MOR-000761_S271_L007,HCHTYBBXY.7,OAK-MOR-000761_S271_L007_01,HCHTYBBXY.7.QUE001356,QUE001356
OAK-MOR-000762_S247_L007,HCHTYBBXY.7,OAK-MOR-000762_S247_L007_01,HCHTYBBXY.7.QUE001357,QUE001357
OAK-MOR-000764_S243_L007,HCHTYBBXY.7,OAK-MOR-000764_S243_L007_01,HCHTYBBXY.7.QUE001359,QUE001359
OAK-MOR-000765_S260_L007,HCHTYBBXY.7,OAK-MOR-000765_S260_L007_01,HCHTYBBXY.7.QUE001360,QUE001360
OAK-MOR-000766_S230_L007,HCHTYBBXY.7,OAK-MOR-000766_S230_L007_01,HCHTYBBXY.7.QUE001361,QUE001361
OAK-MOR-000767_S211_L007,HCHTYBBXY.7,OAK-MOR-000767_S211_L007_01,HCHTYBBXY.7.QUE001362,QUE001362
OAK-MOR-000768_S235_L007,HCHTYBBXY.7,OAK-MOR-000768_S235_L007_01,HCHTYBBXY.7.QUE001363,QUE001363
OAK-MOR-000769_S206_L007,HCHTYBBXY.7,OAK-MOR-000769_S206_L007_01,HCHTYBBXY.7.QUE001364,QUE001364
OAK-MOR-000770_S213_L007,HCHTYBBXY.7,OAK-MOR-000770_S213_L007_01,HCHTYBBXY.7.QUE001365,QUE001365
OAK-MOR-000771_S238_L007,HCHTYBBXY.7,OAK-MOR-000771_S238_L007_01,HCHTYBBXY.7.QUE001340,QUE001340
OAK-MOR-000772_S200_L007,HCHTYBBXY.7,OAK-MOR-000772_S200_L007_01,HCHTYBBXY.7.QUE001366,QUE001366
OAK-MOR-000773_S241_L007,HCHTYBBXY.7,OAK-MOR-000773_S241_L007_01,HCHTYBBXY.7.QUE001367,QUE001367
OAK-MOR-000774_S208_L007,HCHTYBBXY.7,OAK-MOR-000774_S208_L007_01,HCHTYBBXY.7.QUE001368,QUE001368
OAK-MOR-000775_S189_L007,HCHTYBBXY.7,OAK-MOR-000775_S189_L007_01,HCHTYBBXY.7.QUE001369,QUE001369
OAK-MOR-000776_S197_L007,HCHTYBBXY.7,OAK-MOR-000776_S197_L007_01,HCHTYBBXY.7.QUE001370,QUE001370
OAK-MOR-000777_S254_L007,HCHTYBBXY.7,OAK-MOR-000777_S254_L007_01,HCHTYBBXY.7.QUE001371,QUE001371
OAK-MOR-000778_S286_L007,HCHTYBBXY.7,OAK-MOR-000778_S286_L007_01,HCHTYBBXY.7.QUE001372,QUE001372
OAK-MOR-000779_S195_L007,HCHTYBBXY.7,OAK-MOR-000779_S195_L007_01,HCHTYBBXY.7.QUE001373,QUE001373
OAK-MOR-000780_S204_L007,HCHTYBBXY.7,OAK-MOR-000780_S204_L007_01,HCHTYBBXY.7.QUE001374,QUE001374
OAK-MOR-000781_S218_L007,HCHTYBBXY.7,OAK-MOR-000781_S218_L007_01,HCHTYBBXY.7.QUE001375,QUE001375
OAK-MOR-000782_S223_L007,HCHTYBBXY.7,OAK-MOR-000782_S223_L007_01,HCHTYBBXY.7.QUE001376,QUE001376
OAK-MOR-000783_S190_L007,HCHTYBBXY.7,OAK-MOR-000783_S190_L007_01,HCHTYBBXY.7.QUE001377,QUE001377
OAK-MOR-000784_S198_L007,HCHTYBBXY.7,OAK-MOR-000784_S198_L007_01,HCHTYBBXY.7.QUE001378,QUE001378
OAK-MOR-000785_S233_L007,HCHTYBBXY.7,OAK-MOR-000785_S233_L007_01,HCHTYBBXY.7.QUE001379,QUE001379
OAK-MOR-000786_S219_L007,HCHTYBBXY.7,OAK-MOR-000786_S219_L007_01,HCHTYBBXY.7.QUE001380,QUE001380
OAK-MOR-000787_S205_L007,HCHTYBBXY.7,OAK-MOR-000787_S205_L007_01,HCHTYBBXY.7.QUE001381,QUE001381
OAK-MOR-000788_S215_L007,HCHTYBBXY.7,OAK-MOR-000788_S215_L007_01,HCHTYBBXY.7.QUE001382,QUE001382
OAK-MOR-000789_S187_L007,HCHTYBBXY.7,OAK-MOR-000789_S187_L007_01,HCHTYBBXY.7.QUE001383,QUE001383
OAK-MOR-000790_S207_L007,HCHTYBBXY.7,OAK-MOR-000790_S207_L007_01,HCHTYBBXY.7.QUE001384,QUE001384
OAK-MOR-000791_S188_L007,HCHTYBBXY.7,OAK-MOR-000791_S188_L007_01,HCHTYBBXY.7.QUE001385,QUE001385
OAK-MOR-000792_S266_L007,HCHTYBBXY.7,OAK-MOR-000792_S266_L007_01,HCHTYBBXY.7.QUE001386,QUE001386
OAK-MOR-000793_S201_L007,HCHTYBBXY.7,OAK-MOR-000793_S201_L007_01,HCHTYBBXY.7.QUE001387,QUE001387
OAK-MOR-000795_S217_L007,HCHTYBBXY.7,OAK-MOR-000795_S217_L007_01,HCHTYBBXY.7.QUE001389,QUE001389
OAK-MOR-000796_S234_L007,HCHTYBBXY.7,OAK-MOR-000796_S234_L007_01,HCHTYBBXY.7.QUE001390,QUE001390
OAK-MOR-000797_S277_L007,HCHTYBBXY.7,OAK-MOR-000797_S277_L007_01,HCHTYBBXY.7.QUE001391,QUE001391
OAK-MOR-000798_S246_L007,HCHTYBBXY.7,OAK-MOR-000798_S246_L007_01,HCHTYBBXY.7.QUE001392,QUE001392
OAK-MOR-000799_S229_L007,HCHTYBBXY.7,OAK-MOR-000799_S229_L007_01,HCHTYBBXY.7.QUE001393,QUE001393
OAK-MOR-000836_S302_L007,HCHTYBBXY.7,OAK-MOR-000836_S302_L007_01,HCHTYBBXY.7.QUE001430,QUE001430
OAK-MOR-000890_S304_L007,HCHTYBBXY.7,OAK-MOR-000890_S304_L007_01,HCHTYBBXY.7.QUE001441,QUE001441
OAK-MOR-000891_S306_L007,HCHTYBBXY.7,OAK-MOR-000891_S306_L007_01,HCHTYBBXY.7.QUE001444,QUE001444
OAK-MOR-000893_S293_L007,HCHTYBBXY.7,OAK-MOR-000893_S293_L007_01,HCHTYBBXY.7.QUE001258,QUE001258
OAK-MOR-000894_S335_L007,HCHTYBBXY.7,OAK-MOR-000894_S335_L007_01,HCHTYBBXY.7.QUE001259,QUE001259
OAK-MOR-000907_S339_L007,HCHTYBBXY.7,OAK-MOR-000907_S339_L007_01,HCHTYBBXY.7.QUE001272,QUE001272
OAK-MOR-000931_S290_L007,HCHTYBBXY.7,OAK-MOR-000931_S290_L007_01,HCHTYBBXY.7.QUE001328,QUE001328
OAK-MOR-000935_S333_L007,HCHTYBBXY.7,OAK-MOR-000935_S333_L007_01,HCHTYBBXY.7.QUE001300,QUE001300
OAK-MOR-000942_S342_L007,HCHTYBBXY.7,OAK-MOR-000942_S342_L007_01,HCHTYBBXY.7.QUE001307,QUE001307
OAK-MOR-000944_S340_L007,HCHTYBBXY.7,OAK-MOR-000944_S340_L007_01,HCHTYBBXY.7.QUE001309,QUE001309
OAK-MOR-000960_S336_L007,HCHTYBBXY.7,OAK-MOR-000960_S336_L007_01,HCHTYBBXY.7.QUE001325,QUE001325
OAK-MOR-000961_S222_L007,HCHTYBBXY.7,OAK-MOR-000961_S222_L007_01,HCHTYBBXY.7.QUE001483,QUE001483
OAK-MOR-000962_S244_L007,HCHTYBBXY.7,OAK-MOR-000962_S244_L007_01,HCHTYBBXY.7.QUE001484,QUE001484
OAK-MOR-000963_S252_L007,HCHTYBBXY.7,OAK-MOR-000963_S252_L007_01,HCHTYBBXY.7.QUE001485,QUE001485
OAK-MOR-000964_S253_L007,HCHTYBBXY.7,OAK-MOR-000964_S253_L007_01,HCHTYBBXY.7.QUE001486,QUE001486
OAK-MOR-000965_S194_L007,HCHTYBBXY.7,OAK-MOR-000965_S194_L007_01,HCHTYBBXY.7.QUE001487,QUE001487
OAK-MOR-000966_S245_L007,HCHTYBBXY.7,OAK-MOR-000966_S245_L007_01,HCHTYBBXY.7.QUE001488,QUE001488
OAK-MOR-000967_S231_L007,HCHTYBBXY.7,OAK-MOR-000967_S231_L007_01,HCHTYBBXY.7.QUE001489,QUE001489
OAK-MOR-000971_S334_L007,HCHTYBBXY.7,OAK-MOR-000971_S334_L007_01,HCHTYBBXY.7.QUE001270,QUE001270
OAK-MOR-001004_S192_L007,HCHTYBBXY.7,OAK-MOR-001004_S192_L007_01,HCHTYBBXY.7.QUE001526,QUE001526
OAK-MOR-001005_S227_L007,HCHTYBBXY.7,OAK-MOR-001005_S227_L007_01,HCHTYBBXY.7.QUE001527,QUE001527
OAK-MOR-001006_S225_L007,HCHTYBBXY.7,OAK-MOR-001006_S225_L007_01,HCHTYBBXY.7.QUE001528,QUE001528
OAK-MOR-001007_S193_L007,HCHTYBBXY.7,OAK-MOR-001007_S193_L007_01,HCHTYBBXY.7.QUE001529,QUE001529
OAK-MOR-001008_S242_L007,HCHTYBBXY.7,OAK-MOR-001008_S242_L007_01,HCHTYBBXY.7.QUE001530,QUE001530
OAK-MOR-001009_S269_L007,HCHTYBBXY.7,OAK-MOR-001009_S269_L007_01,HCHTYBBXY.7.QUE001531,QUE001531
OAK-MOR-001010_S226_L007,HCHTYBBXY.7,OAK-MOR-001010_S226_L007_01,HCHTYBBXY.7.QUE001532,QUE001532
OAK-MOR-001011_S212_L007,HCHTYBBXY.7,OAK-MOR-001011_S212_L007_01,HCHTYBBXY.7.QUE001533,QUE001533
OAK-MOR-001012_S262_L007,HCHTYBBXY.7,OAK-MOR-001012_S262_L007_01,HCHTYBBXY.7.QUE001534,QUE001534
OAK-MOR-001013_S232_L007,HCHTYBBXY.7,OAK-MOR-001013_S232_L007_01,HCHTYBBXY.7.QUE001535,QUE001535
OAK-MOR-001014_S268_L007,HCHTYBBXY.7,OAK-MOR-001014_S268_L007_01,HCHTYBBXY.7.QUE001536,QUE001536
OAK-MOR-001015_S273_L007,HCHTYBBXY.7,OAK-MOR-001015_S273_L007_01,HCHTYBBXY.7.QUE001537,QUE001537
OAK-MOR-001016_S251_L007,HCHTYBBXY.7,OAK-MOR-001016_S251_L007_01,HCHTYBBXY.7.QUE001538,QUE001538
OAK-MOR-001017_S250_L007,HCHTYBBXY.7,OAK-MOR-001017_S250_L007_01,HCHTYBBXY.7.QUE001539,QUE001539
OAK-MOR-001018_S259_L007,HCHTYBBXY.7,OAK-MOR-001018_S259_L007_01,HCHTYBBXY.7.QUE001540,QUE001540
OAK-MOR-001019_S237_L007,HCHTYBBXY.7,OAK-MOR-001019_S237_L007_01,HCHTYBBXY.7.QUE001541,QUE001541
OAK-MOR-001020_S209_L007,HCHTYBBXY.7,OAK-MOR-001020_S209_L007_01,HCHTYBBXY.7.QUE001542,QUE001542
OAK-MOR-001021_S199_L007,HCHTYBBXY.7,OAK-MOR-001021_S199_L007_01,HCHTYBBXY.7.QUE001543,QUE001543
OAK-MOR-001022_S210_L007,HCHTYBBXY.7,OAK-MOR-001022_S210_L007_01,HCHTYBBXY.7.QUE001544,QUE001544
OAK-MOR-001023_S240_L007,HCHTYBBXY.7,OAK-MOR-001023_S240_L007_01,HCHTYBBXY.7.QUE001545,QUE001545
OAK-MOR-001024_S191_L007,HCHTYBBXY.7,OAK-MOR-001024_S191_L007_01,HCHTYBBXY.7.QUE001546,QUE001546
OAK-MOR-001025_S228_L007,HCHTYBBXY.7,OAK-MOR-001025_S228_L007_01,HCHTYBBXY.7.QUE001547,QUE001547
OAK-MOR-001026_S216_L007,HCHTYBBXY.7,OAK-MOR-001026_S216_L007_01,HCHTYBBXY.7.QUE001548,QUE001548
OAK-MOR-001027_S221_L007,HCHTYBBXY.7,OAK-MOR-001027_S221_L007_01,HCHTYBBXY.7.QUE001549,QUE001549
OAK-MOR-001038_S307_L007,HCHTYBBXY.7,OAK-MOR-001038_S307_L007_01,HCHTYBBXY.7.QUE001458,QUE001458
OAK-MOR-001039_S311_L007,HCHTYBBXY.7,OAK-MOR-001039_S311_L007_01,HCHTYBBXY.7.QUE001463,QUE001463
OAK-MOR-001062_S317_L007,HCHTYBBXY.7,OAK-MOR-001062_S317_L007_01,HCHTYBBXY.7.QUE001451,QUE001451
OAK-MOR-001063_S310_L007,HCHTYBBXY.7,OAK-MOR-001063_S310_L007_01,HCHTYBBXY.7.QUE001452,QUE001452
OAK-MOR-001064_S203_L007,HCHTYBBXY.7,OAK-MOR-001064_S203_L007_01,HCHTYBBXY.7.QUE001550,QUE001550
OAK-MOR-001065_S220_L007,HCHTYBBXY.7,OAK-MOR-001065_S220_L007_01,HCHTYBBXY.7.QUE001551,QUE001551
OAK-MOR-001066_S283_L007,HCHTYBBXY.7,OAK-MOR-001066_S283_L007_01,HCHTYBBXY.7.QUE001552,QUE001552
OAK-MOR-001067_S267_L007,HCHTYBBXY.7,OAK-MOR-001067_S267_L007_01,HCHTYBBXY.7.QUE001553,QUE001553
OAK-MOR-001068_S282_L007,HCHTYBBXY.7,OAK-MOR-001068_S282_L007_01,HCHTYBBXY.7.QUE001554,QUE001554
OAK-MOR-001069_S280_L007,HCHTYBBXY.7,OAK-MOR-001069_S280_L007_01,HCHTYBBXY.7.QUE001555,QUE001555
OAK-MOR-001070_S285_L007,HCHTYBBXY.7,OAK-MOR-001070_S285_L007_01,HCHTYBBXY.7.QUE001556,QUE001556
OAK-MOR-001071_S287_L007,HCHTYBBXY.7,OAK-MOR-001071_S287_L007_01,HCHTYBBXY.7.QUE001557,QUE001557
OAK-MOR-001072_S279_L007,HCHTYBBXY.7,OAK-MOR-001072_S279_L007_01,HCHTYBBXY.7.QUE001388,QUE001388
OAK-MOR-001073_S315_L007,HCHTYBBXY.7,OAK-MOR-001073_S315_L007_01,HCHTYBBXY.7.QUE001400,QUE001400
OAK-MOR-001074_S319_L007,HCHTYBBXY.7,OAK-MOR-001074_S319_L007_01,HCHTYBBXY.7.QUE001403,QUE001403
OAK-MOR-001075_S318_L007,HCHTYBBXY.7,OAK-MOR-001075_S318_L007_01,HCHTYBBXY.7.QUE001406,QUE001406
OAK-MOR-001076_S314_L007,HCHTYBBXY.7,OAK-MOR-001076_S314_L007_01,HCHTYBBXY.7.QUE001408,QUE001408
OAK-MOR-001077_S313_L007,HCHTYBBXY.7,OAK-MOR-001077_S313_L007_01,HCHTYBBXY.7.QUE001409,QUE001409
OAK-MOR-001078_S312_L007,HCHTYBBXY.7,OAK-MOR-001078_S312_L007_01,HCHTYBBXY.7.QUE001410,QUE001410
OAK-MOR-001079_S309_L007,HCHTYBBXY.7,OAK-MOR-001079_S309_L007_01,HCHTYBBXY.7.QUE001411,QUE001411
OAK-MOR-001080_S316_L007,HCHTYBBXY.7,OAK-MOR-001080_S316_L007_01,HCHTYBBXY.7.QUE001412,QUE001412
OAK-MOR-001081_S305_L007,HCHTYBBXY.7,OAK-MOR-001081_S305_L007_01,HCHTYBBXY.7.QUE001419,QUE001419
OAK-MOR-001082_S308_L007,HCHTYBBXY.7,OAK-MOR-001082_S308_L007_01,HCHTYBBXY.7.QUE001422,QUE001422
OAK-MOR-001083_S303_L007,HCHTYBBXY.7,OAK-MOR-001083_S303_L007_01,HCHTYBBXY.7.QUE001425,QUE001425
OAK-MOR-001161_S338_L007,HCHTYBBXY.7,OAK-MOR-001161_S338_L007_01,HCHTYBBXY.7.QUE001997,QUE001997
OAK-MOR-001176_S291_L007,HCHTYBBXY.7,OAK-MOR-001176_S291_L007_01,HCHTYBBXY.7.QUE002013,QUE002013
OAK-MOR-001186_S332_L007,HCHTYBBXY.7,OAK-MOR-001186_S332_L007_01,HCHTYBBXY.7.QUE002023,QUE002023
OAK-MOR-001205_S289_L007,HCHTYBBXY.7,OAK-MOR-001205_S289_L007_01,HCHTYBBXY.7.QUE002042,QUE002042
OAK-MOR-001236_S7_L001,000000000-BPKMG.1,OAK-MOR-001236_S7_L001_01,000000000-BPKMG.1.QUE001758,QUE001758
OAK-MOR-001237_S186_L007,HCHTYBBXY.7,OAK-MOR-001237_S186_L007_01,HCHTYBBXY.7.QUE001759,QUE001759
OAK-MOR-001237_S1_L001,000000000-BPKMG.1,OAK-MOR-001237_S1_L001_01,000000000-BPKMG.1.QUE001759,QUE001759
OAK-MOR-001237_S66_L001,000000000-CKPTV.1,OAK-MOR-001237_S66_L001_01,000000000-CKPTV.1.QUE001759,QUE001759
OAK-MOR-001238_S3_L001,000000000-BPKMG.1,OAK-MOR-001238_S3_L001_01,000000000-BPKMG.1.QUE001804,QUE001804
OAK-MOR-001239_S8_L001,000000000-BPKMG.1,OAK-MOR-001239_S8_L001_01,000000000-BPKMG.1.QUE001805,QUE001805
OAK-MOR-001240_S5_L001,000000000-BTD4D.1,OAK-MOR-001240_S5_L001_01,000000000-BTD4D.1.QUE001813,QUE001813
OAK-MOR-001241_S2_L001,000000000-BPKMG.1,OAK-MOR-001241_S2_L001_01,000000000-BPKMG.1.QUE001814,QUE001814
OAK-MOR-001242_S9_L001,000000000-BPKMG.1,OAK-MOR-001242_S9_L001_01,000000000-BPKMG.1.QUE001815,QUE001815
OAK-MOR-001243_S11_L001,000000000-BTD4D.1,OAK-MOR-001243_S11_L001_01,000000000-BTD4D.1.QUE001819,QUE001819
OAK-MOR-001244_ste_S41_L001,000000000-BM43H.1,OAK-MOR-001244_ste_S41_L001_01,000000000-BM43H.1.QUE001839,QUE001839
OAK-MOR-001245_mue_S9_L001,000000000-BM43H.1,OAK-MOR-001245_mue_S9_L001_01,000000000-BM43H.1.QUE001840,QUE001840
OAK-MOR-001246_S10_L001,000000000-BPKMG.1,OAK-MOR-001246_S10_L001_01,000000000-BPKMG.1.QUE001841,QUE001841
OAK-MOR-001247_S26_L001,000000000-BPKMG.1,OAK-MOR-001247_S26_L001_01,000000000-BPKMG.1.QUE001862,QUE001862
OAK-MOR-001248_S1_L001,000000000-BTD4D.1,OAK-MOR-001248_S1_L001_01,000000000-BTD4D.1.QUE001863,QUE001863
OAK-MOR-001249_S12_L001,000000000-BTD4D.1,OAK-MOR-001249_S12_L001_01,000000000-BTD4D.1.QUE001893,QUE001893
OAK-MOR-001250_S2_L001,000000000-BTD4D.1,OAK-MOR-001250_S2_L001_01,000000000-BTD4D.1.QUE001894,QUE001894
OAK-MOR-001251_S10_L001,000000000-BTD4D.1,OAK-MOR-001251_S10_L001_01,000000000-BTD4D.1.QUE001914,QUE001914
OAK-MOR-001252_S15_L001,000000000-BTD4D.1,OAK-MOR-001252_S15_L001_01,000000000-BTD4D.1.QUE001915,QUE001915
OAK-MOR-001253_S4_L001,000000000-BPKMG.1,OAK-MOR-001253_S4_L001_01,000000000-BPKMG.1.QUE001916,QUE001916
OAK-MOR-001254_S3_L001,000000000-BTD4D.1,OAK-MOR-001254_S3_L001_01,000000000-BTD4D.1.QUE001918,QUE001918
OAK-MOR-001255_S11_L001,000000000-BPKMG.1,OAK-MOR-001255_S11_L001_01,000000000-BPKMG.1.QUE001932,QUE001932
OAK-MOR-001256_S6_L001,000000000-BPKMG.1,OAK-MOR-001256_S6_L001_01,000000000-BPKMG.1.QUE001933,QUE001933
OAK-MOR-001257_S5_L001,000000000-BPKMG.1,OAK-MOR-001257_S5_L001_01,000000000-BPKMG.1.QUE001783,QUE001783
OAK-MOR-001258_S13_L001,000000000-BPKMG.1,OAK-MOR-001258_S13_L001_01,000000000-BPKMG.1.QUE001880,QUE001880
OAK-MOR-001259_S4_L001,000000000-BTD4D.1,OAK-MOR-001259_S4_L001_01,000000000-BTD4D.1.QUE001884,QUE001884
OAK-MOR-001260_S14_L001,000000000-BPKMG.1,OAK-MOR-001260_S14_L001_01,000000000-BPKMG.1.QUE001907,QUE001907
OAK-MOR-001261_S15_L001,000000000-BPKMG.1,OAK-MOR-001261_S15_L001_01,000000000-BPKMG.1.QUE001937,QUE001937
OAK-MOR-001262_S16_L001,000000000-BPKMG.1,OAK-MOR-001262_S16_L001_01,000000000-BPKMG.1.QUE001951,QUE001951
OAK-MOR-001263_S17_L001,000000000-BPKMG.1,OAK-MOR-001263_S17_L001_01,000000000-BPKMG.1.QUE001963,QUE001963
OAK-MOR-001264_S18_L001,000000000-BPKMG.1,OAK-MOR-001264_S18_L001_01,000000000-BPKMG.1.QUE001971,QUE001971
OAK-MOR-001265_S19_L001,000000000-BPKMG.1,OAK-MOR-001265_S19_L001_01,000000000-BPKMG.1.QUE001982,QUE001982
OAK-MOR-001266_S20_L001,000000000-BPKMG.1,OAK-MOR-001266_S20_L001_01,000000000-BPKMG.1.QUE002057,QUE002057
OAK-MOR-001267_mac_S1_L001,000000000-BM43H.1,OAK-MOR-001267_mac_S1_L001_01,000000000-BM43H.1.QUE002074,QUE002074
OAK-MOR-001267_S15_L001,000000000-C88F4.1,OAK-MOR-001267_S15_L001_01,000000000-C88F4.1.QUE002074,QUE002074
OAK-MOR-001268_S12_L001,000000000-BPKMG.1,OAK-MOR-001268_S12_L001_01,000000000-BPKMG.1.QUE002075,QUE002075
OAK-MOR-001269_ste_S42_L001,000000000-BM43H.1,OAK-MOR-001269_ste_S42_L001_01,000000000-BM43H.1.QUE002081,QUE002081
OAK-MOR-001270_mac_S2_L001,000000000-BM43H.1,OAK-MOR-001270_mac_S2_L001_01,000000000-BM43H.1.QUE002082,QUE002082
OAK-MOR-001271_mac_S3_L001,000000000-BM43H.1,OAK-MOR-001271_mac_S3_L001_01,000000000-BM43H.1.QUE002085,QUE002085
OAK-MOR-001272_S6_L001,000000000-BTD4D.1,OAK-MOR-001272_S6_L001_01,000000000-BTD4D.1.QUE002086,QUE002086
OAK-MOR-001273_alb_S17_L001,000000000-BM43H.1,OAK-MOR-001273_alb_S17_L001_01,000000000-BM43H.1.QUE002091,QUE002091
OAK-MOR-001274_bic_S10_L001,000000000-BM43H.1,OAK-MOR-001274_bic_S10_L001_01,000000000-BM43H.1.QUE002098,QUE002098
OAK-MOR-001274_S16_L001,000000000-C88F4.1,OAK-MOR-001274_S16_L001_01,000000000-C88F4.1.QUE002098,QUE002098
OAK-MOR-001275_S7_L001,000000000-BTD4D.1,OAK-MOR-001275_S7_L001_01,000000000-BTD4D.1.QUE002101,QUE002101
OAK-MOR-001276_mac_S4_L001,000000000-BM43H.1,OAK-MOR-001276_mac_S4_L001_01,000000000-BM43H.1.QUE002102,QUE002102
OAK-MOR-001276_S17_L001,000000000-C88F4.1,OAK-MOR-001276_S17_L001_01,000000000-C88F4.1.QUE002102,QUE002102
OAK-MOR-001277_bic_S11_L001,000000000-BM43H.1,OAK-MOR-001277_bic_S11_L001_01,000000000-BM43H.1.QUE002105,QUE002105
OAK-MOR-001277_S4_L001,000000000-C88F4.1,OAK-MOR-001277_S4_L001_01,000000000-C88F4.1.QUE002105,QUE002105
OAK-MOR-001278_alb_S18_L001,000000000-BM43H.1,OAK-MOR-001278_alb_S18_L001_01,000000000-BM43H.1.QUE002108,QUE002108
OAK-MOR-001279_alb_S19_L001,000000000-BM43H.1,OAK-MOR-001279_alb_S19_L001_01,000000000-BM43H.1.QUE002121,QUE002121
OAK-MOR-001279_S5_L001,000000000-C88F4.1,OAK-MOR-001279_S5_L001_01,000000000-C88F4.1.QUE002121,QUE002121
OAK-MOR-001280_mac_S5_L001,000000000-BM43H.1,OAK-MOR-001280_mac_S5_L001_01,000000000-BM43H.1.QUE002129,QUE002129
OAK-MOR-001280_S6_L001,000000000-C88F4.1,OAK-MOR-001280_S6_L001_01,000000000-C88F4.1.QUE002129,QUE002129
OAK-MOR-001281_alb_S20_L001,000000000-BM43H.1,OAK-MOR-001281_alb_S20_L001_01,000000000-BM43H.1.QUE002130,QUE002130
OAK-MOR-001281_S7_L001,000000000-C88F4.1,OAK-MOR-001281_S7_L001_01,000000000-C88F4.1.QUE002130,QUE002130
OAK-MOR-001282_mac_S6_L001,000000000-BM43H.1,OAK-MOR-001282_mac_S6_L001_01,000000000-BM43H.1.QUE002133,QUE002133
OAK-MOR-001283_mac_S7_L001,000000000-BM43H.1,OAK-MOR-001283_mac_S7_L001_01,000000000-BM43H.1.QUE002133,QUE002133
OAK-MOR-001283_S8_L001,000000000-C88F4.1,OAK-MOR-001283_S8_L001_01,000000000-C88F4.1.QUE002137,QUE002137
OAK-MOR-001284_alb_S21_L001,000000000-BM43H.1,OAK-MOR-001284_alb_S21_L001_01,000000000-BM43H.1.QUE002137,QUE002137
OAK-MOR-001284_S9_L001,000000000-C88F4.1,OAK-MOR-001284_S9_L001_01,000000000-C88F4.1.QUE002138,QUE002138
OAK-MOR-001285_S8_L001,000000000-BTD4D.1,OAK-MOR-001285_S8_L001_01,000000000-BTD4D.1.QUE002153,QUE002153
OAK-MOR-001286_mac_S8_L001,000000000-BM43H.1,OAK-MOR-001286_mac_S8_L001_01,000000000-BM43H.1.QUE002154,QUE002154
OAK-MOR-001287_alb_S22_L001,000000000-BM43H.1,OAK-MOR-001287_alb_S22_L001_01,000000000-BM43H.1.QUE002155,QUE002155
OAK-MOR-001288_alb_S23_L001,000000000-BM43H.1,OAK-MOR-001288_alb_S23_L001_01,000000000-BM43H.1.QUE002187,QUE002187
OAK-MOR-001288_S10_L001,000000000-C88F4.1,OAK-MOR-001288_S10_L001_01,000000000-C88F4.1.QUE002187,QUE002187
OAK-MOR-001289_S27_L001,000000000-BPKMG.1,OAK-MOR-001289_S27_L001_01,000000000-BPKMG.1.QUE002188,QUE002188
OAK-MOR-001290_S23_L001,000000000-BPKMG.1,OAK-MOR-001290_S23_L001_01,000000000-BPKMG.1.QUE002189,QUE002189
OAK-MOR-001291_bic_S12_L001,000000000-BM43H.1,OAK-MOR-001291_bic_S12_L001_01,000000000-BM43H.1.QUE002196,QUE002196
OAK-MOR-001292_mac_S13_L001,000000000-BM43H.1,OAK-MOR-001292_mac_S13_L001_01,000000000-BM43H.1.QUE002208,QUE002208
OAK-MOR-001292_S11_L001,000000000-C88F4.1,OAK-MOR-001292_S11_L001_01,000000000-C88F4.1.QUE002208,QUE002208
OAK-MOR-001293_S30_L001,000000000-BPKMG.1,OAK-MOR-001293_S30_L001_01,000000000-BPKMG.1.QUE002209,QUE002209
OAK-MOR-001294_alb_S24_L001,000000000-BM43H.1,OAK-MOR-001294_alb_S24_L001_01,000000000-BM43H.1.QUE002210,QUE002210
OAK-MOR-001294_S12_L001,000000000-C88F4.1,OAK-MOR-001294_S12_L001_01,000000000-C88F4.1.QUE002210,QUE002210
OAK-MOR-001295_S28_L001,000000000-BPKMG.1,OAK-MOR-001295_S28_L001_01,000000000-BPKMG.1.QUE002219,QUE002219
OAK-MOR-001296_S14_L001,000000000-BTD4D.1,OAK-MOR-001296_S14_L001_01,000000000-BTD4D.1.QUE002247,QUE002247
OAK-MOR-001297_mue_S14_L001,000000000-BM43H.1,OAK-MOR-001297_mue_S14_L001_01,000000000-BM43H.1.QUE002250,QUE002250
OAK-MOR-001298_mac_S25_L001,000000000-BM43H.1,OAK-MOR-001298_mac_S25_L001_01,000000000-BM43H.1.QUE002251,QUE002251
OAK-MOR-001299_S29_L001,000000000-BPKMG.1,OAK-MOR-001299_S29_L001_01,000000000-BPKMG.1.QUE002252,QUE002252
OAK-MOR-001300_alb_S33_L001,000000000-BM43H.1,OAK-MOR-001300_alb_S33_L001_01,000000000-BM43H.1.QUE002253,QUE002253
OAK-MOR-001301_alb_S34_L001,000000000-BM43H.1,OAK-MOR-001301_alb_S34_L001_01,000000000-BM43H.1.QUE002282,QUE002282
OAK-MOR-001302_S16_L001,000000000-BTD4D.1,OAK-MOR-001302_S16_L001_01,000000000-BTD4D.1.QUE002283,QUE002283
OAK-MOR-001303_mac_S26_L001,000000000-BM43H.1,OAK-MOR-001303_mac_S26_L001_01,000000000-BM43H.1.QUE002284,QUE002284
OAK-MOR-001304_S24_L001,000000000-BPKMG.1,OAK-MOR-001304_S24_L001_01,000000000-BPKMG.1.QUE002285,QUE002285
OAK-MOR-001305_mac_S27_L001,000000000-BM43H.1,OAK-MOR-001305_mac_S27_L001_01,000000000-BM43H.1.QUE002295,QUE002295
OAK-MOR-001305_S184_L007,HCHTYBBXY.7,OAK-MOR-001305_S184_L007_01,HCHTYBBXY.7.QUE002295,QUE002295
OAK-MOR-001305_S64_L001,000000000-CKPTV.1,OAK-MOR-001305_S64_L001_01,000000000-CKPTV.1.QUE002295,QUE002295
OAK-MOR-001306_mac_S28_L001,000000000-BM43H.1,OAK-MOR-001306_mac_S28_L001_01,000000000-BM43H.1.QUE002302,QUE002302
OAK-MOR-001307_S25_L001,000000000-BPKMG.1,OAK-MOR-001307_S25_L001_01,000000000-BPKMG.1.QUE002303,QUE002303
OAK-MOR-001308_mue_S15_L001,000000000-BM43H.1,OAK-MOR-001308_mue_S15_L001_01,000000000-BM43H.1.QUE002304,QUE002304
OAK-MOR-001308_S13_L001,000000000-C88F4.1,OAK-MOR-001308_S13_L001_01,000000000-C88F4.1.QUE002304,QUE002304
OAK-MOR-001309_mac_S29_L001,000000000-BM43H.1,OAK-MOR-001309_mac_S29_L001_01,000000000-BM43H.1.QUE002326,QUE002326
OAK-MOR-001309_S185_L007,HCHTYBBXY.7,OAK-MOR-001309_S185_L007_01,HCHTYBBXY.7.QUE002326,QUE002326
OAK-MOR-001309_S65_L001,000000000-CKPTV.1,OAK-MOR-001309_S65_L001_01,000000000-CKPTV.1.QUE002326,QUE002326
OAK-MOR-001310_mac_S30_L001,000000000-BM43H.1,OAK-MOR-001310_mac_S30_L001_01,000000000-BM43H.1.QUE002336,QUE002336
OAK-MOR-001311_alb_S35_L001,000000000-BM43H.1,OAK-MOR-001311_alb_S35_L001_01,000000000-BM43H.1.QUE002337,QUE002337
OAK-MOR-001312_alb_S36_L001,000000000-BM43H.1,OAK-MOR-001312_alb_S36_L001_01,000000000-BM43H.1.QUE002355,QUE002355
OAK-MOR-001313_mac_S31_L001,000000000-BM43H.1,OAK-MOR-001313_mac_S31_L001_01,000000000-BM43H.1.QUE002356,QUE002356
OAK-MOR-001314_bic_S16_L001,000000000-BM43H.1,OAK-MOR-001314_bic_S16_L001_01,000000000-BM43H.1.QUE002360,QUE002360
OAK-MOR-001315_S21_L001,000000000-BPKMG.1,OAK-MOR-001315_S21_L001_01,000000000-BPKMG.1.QUE002361,QUE002361
OAK-MOR-001316_alb_S37_L001,000000000-BM43H.1,OAK-MOR-001316_alb_S37_L001_01,000000000-BM43H.1.QUE002366,QUE002366
OAK-MOR-001316_S14_L001,000000000-C88F4.1,OAK-MOR-001316_S14_L001_01,000000000-C88F4.1.QUE002366,QUE002366
OAK-MOR-001317_mac_S32_L001,000000000-BM43H.1,OAK-MOR-001317_mac_S32_L001_01,000000000-BM43H.1.QUE002367,QUE002367
OAK-MOR-001318_mac_S43_L001,000000000-BM43H.1,OAK-MOR-001318_mac_S43_L001_01,000000000-BM43H.1.QUE002399,QUE002399
OAK-MOR-001319_alb_S38_L001,000000000-BM43H.1,OAK-MOR-001319_alb_S38_L001_01,000000000-BM43H.1.QUE002400,QUE002400
OAK-MOR-001319_S33_L001,000000000-BPKMG.1,OAK-MOR-001319_S33_L001_01,000000000-BPKMG.1.QUE002400,QUE002400
OAK-MOR-001320_mac_S44_L001,000000000-BM43H.1,OAK-MOR-001320_mac_S44_L001_01,000000000-BM43H.1.QUE002424,QUE002424
OAK-MOR-001321_mac_S45_L001,000000000-BM43H.1,OAK-MOR-001321_mac_S45_L001_01,000000000-BM43H.1.QUE002436,QUE002436
OAK-MOR-001322_mac_S46_L001,000000000-BM43H.1,OAK-MOR-001322_mac_S46_L001_01,000000000-BM43H.1.QUE002471,QUE002471
OAK-MOR-001323_mac_S47_L001,000000000-BM43H.1,OAK-MOR-001323_mac_S47_L001_01,000000000-BM43H.1.QUE002480,QUE002480
OAK-MOR-001324_S13_L001,000000000-BTD4D.1,OAK-MOR-001324_S13_L001_01,000000000-BTD4D.1.QUE002481,QUE002481
OAK-MOR-001325_alb_S39_L001,000000000-BM43H.1,OAK-MOR-001325_alb_S39_L001_01,000000000-BM43H.1.QUE002493,QUE002493
OAK-MOR-001326_alb_S40_L001,000000000-BM43H.1,OAK-MOR-001326_alb_S40_L001_01,000000000-BM43H.1.QUE002526,QUE002526
OAK-MOR-001327_S34_L001,000000000-BPKMG.1,OAK-MOR-001327_S34_L001_01,000000000-BPKMG.1.QUE002527,QUE002527
OAK-MOR-001328_S22_L001,000000000-BPKMG.1,OAK-MOR-001328_S22_L001_01,000000000-BPKMG.1.QUE002528,QUE002528
OAK-MOR-001329_alb_S48_L001,000000000-BM43H.1,OAK-MOR-001329_alb_S48_L001_01,000000000-BM43H.1.QUE002535,QUE002535
OAK-MOR-001330_S35_L001,000000000-BPKMG.1,OAK-MOR-001330_S35_L001_01,000000000-BPKMG.1.QUE002536,QUE002536
OAK-MOR-001331_S9_L001,000000000-BTD4D.1,OAK-MOR-001331_S9_L001_01,000000000-BTD4D.1.QUE002539,QUE002539
OAK-MOR-001332_S36_L001,000000000-BPKMG.1,OAK-MOR-001332_S36_L001_01,000000000-BPKMG.1.QUE002574,QUE002574
OAK-MOR-001333_S37_L001,000000000-BPKMG.1,OAK-MOR-001333_S37_L001_01,000000000-BPKMG.1.QUE002579,QUE002579
OAK-MOR-001334_S38_L001,000000000-BPKMG.1,OAK-MOR-001334_S38_L001_01,000000000-BPKMG.1.QUE002585,QUE002585
OAK-MOR-001335_S39_L001,000000000-BPKMG.1,OAK-MOR-001335_S39_L001_01,000000000-BPKMG.1.QUE002589,QUE002589
OAK-MOR-001336_S40_L001,000000000-BPKMG.1,OAK-MOR-001336_S40_L001_01,000000000-BPKMG.1.QUE002363,QUE002363
OAK-MOR-001337_S41_L001,000000000-BPKMG.1,OAK-MOR-001337_S41_L001_01,000000000-BPKMG.1.QUE002364,QUE002364
OAK-MOR-001338_S42_L001,000000000-BPKMG.1,OAK-MOR-001338_S42_L001_01,000000000-BPKMG.1.QUE002365,QUE002365
OAK-MOR-001339_S43_L001,000000000-BPKMG.1,OAK-MOR-001339_S43_L001_01,000000000-BPKMG.1.QUE002366,QUE002366
OAK-MOR-001340_S44_L001,000000000-BPKMG.1,OAK-MOR-001340_S44_L001_01,000000000-BPKMG.1.QUE002367,QUE002367
OAK-MOR-001341_S45_L001,000000000-BPKMG.1,OAK-MOR-001341_S45_L001_01,000000000-BPKMG.1.QUE002368,QUE002368
OAK-MOR-001342_S46_L001,000000000-BPKMG.1,OAK-MOR-001342_S46_L001_01,000000000-BPKMG.1.QUE002369,QUE002369
OAK-MOR-001343_S47_L001,000000000-BPKMG.1,OAK-MOR-001343_S47_L001_01,000000000-BPKMG.1.QUE002370,QUE002370
OAK-MOR-001344_S48_L001,000000000-BPKMG.1,OAK-MOR-001344_S48_L001_01,000000000-BPKMG.1.QUE002371,QUE002371
OAK-MOR-001345_S49_L001,000000000-BPKMG.1,OAK-MOR-001345_S49_L001_01,000000000-BPKMG.1.QUE002373,QUE002373
OAK-MOR-001346_S50_L001,000000000-BPKMG.1,OAK-MOR-001346_S50_L001_01,000000000-BPKMG.1.QUE002374,QUE002374
OAK-MOR-001347_S51_L001,000000000-BPKMG.1,OAK-MOR-001347_S51_L001_01,000000000-BPKMG.1.QUE002375,QUE002375
OAK-MOR-001348_S52_L001,000000000-BPKMG.1,OAK-MOR-001348_S52_L001_01,000000000-BPKMG.1.QUE001610,QUE001610
OAK-MOR-001349_S53_L001,000000000-BPKMG.1,OAK-MOR-001349_S53_L001_01,000000000-BPKMG.1.QUE001611,QUE001611
OAK-MOR-001350_S54_L001,000000000-BPKMG.1,OAK-MOR-001350_S54_L001_01,000000000-BPKMG.1.QUE001629,QUE001629
OAK-MOR-001351_S55_L001,000000000-BPKMG.1,OAK-MOR-001351_S55_L001_01,000000000-BPKMG.1.QUE001630,QUE001630
OAK-MOR-001352_S56_L001,000000000-BPKMG.1,OAK-MOR-001352_S56_L001_01,000000000-BPKMG.1.QUE001728,QUE001728
OAK-MOR-001353_S57_L001,000000000-BPKMG.1,OAK-MOR-001353_S57_L001_01,000000000-BPKMG.1.QUE001729,QUE001729
OAK-MOR-001354_S58_L001,000000000-BPKMG.1,OAK-MOR-001354_S58_L001_01,000000000-BPKMG.1.QUE001750,QUE001750
OAK-MOR-001355_S59_L001,000000000-BPKMG.1,OAK-MOR-001355_S59_L001_01,000000000-BPKMG.1.QUE001764,QUE001764
OAK-MOR-001356_S60_L001,000000000-BPKMG.1,OAK-MOR-001356_S60_L001_01,000000000-BPKMG.1.QUE001767,QUE001767
OAK-MOR-001357_S61_L001,000000000-BPKMG.1,OAK-MOR-001357_S61_L001_01,000000000-BPKMG.1.QUE001778,QUE001778
OAK-MOR-001358_S62_L001,000000000-BPKMG.1,OAK-MOR-001358_S62_L001_01,000000000-BPKMG.1.QUE001780,QUE001780
OAK-MOR-001359_S63_L001,000000000-BPKMG.1,OAK-MOR-001359_S63_L001_01,000000000-BPKMG.1.QUE001789,QUE001789
OAK-MOR-001360_S64_L001,000000000-BPKMG.1,OAK-MOR-001360_S64_L001_01,000000000-BPKMG.1.QUE001792,QUE001792
OAK-MOR-001361_S65_L001,000000000-BPKMG.1,OAK-MOR-001361_S65_L001_01,000000000-BPKMG.1.QUE001796,QUE001796
OAK-MOR-001362_S66_L001,000000000-BPKMG.1,OAK-MOR-001362_S66_L001_01,000000000-BPKMG.1.QUE001800,QUE001800
OAK-MOR-001363_S67_L001,000000000-BPKMG.1,OAK-MOR-001363_S67_L001_01,000000000-BPKMG.1.QUE001816,QUE001816
OAK-MOR-001364_S68_L001,000000000-BPKMG.1,OAK-MOR-001364_S68_L001_01,000000000-BPKMG.1.QUE001817,QUE001817
OAK-MOR-001365_S69_L001,000000000-BPKMG.1,OAK-MOR-001365_S69_L001_01,000000000-BPKMG.1.QUE001820,QUE001820
OAK-MOR-001366_S70_L001,000000000-BPKMG.1,OAK-MOR-001366_S70_L001_01,000000000-BPKMG.1.QUE001823,QUE001823
OAK-MOR-001367_S71_L001,000000000-BPKMG.1,OAK-MOR-001367_S71_L001_01,000000000-BPKMG.1.QUE001824,QUE001824
OAK-MOR-001368_S72_L001,000000000-BPKMG.1,OAK-MOR-001368_S72_L001_01,000000000-BPKMG.1.QUE001830,QUE001830
OAK-MOR-001369_S73_L001,000000000-BPKMG.1,OAK-MOR-001369_S73_L001_01,000000000-BPKMG.1.QUE001833,QUE001833
OAK-MOR-001370_S74_L001,000000000-BPKMG.1,OAK-MOR-001370_S74_L001_01,000000000-BPKMG.1.QUE001835,QUE001835
OAK-MOR-001371_S75_L001,000000000-BPKMG.1,OAK-MOR-001371_S75_L001_01,000000000-BPKMG.1.QUE001846,QUE001846
OAK-MOR-001372_S76_L001,000000000-BPKMG.1,OAK-MOR-001372_S76_L001_01,000000000-BPKMG.1.QUE001857,QUE001857
OAK-MOR-001373_S77_L001,000000000-BPKMG.1,OAK-MOR-001373_S77_L001_01,000000000-BPKMG.1.QUE001858,QUE001858
OAK-MOR-001374_S78_L001,000000000-BPKMG.1,OAK-MOR-001374_S78_L001_01,000000000-BPKMG.1.QUE001860,QUE001860
OAK-MOR-001375_S79_L001,000000000-BPKMG.1,OAK-MOR-001375_S79_L001_01,000000000-BPKMG.1.QUE001866,QUE001866
OAK-MOR-001376_S80_L001,000000000-BPKMG.1,OAK-MOR-001376_S80_L001_01,000000000-BPKMG.1.QUE001870,QUE001870
OAK-MOR-001377_S17_L001,000000000-BTD4D.1,OAK-MOR-001377_S17_L001_01,000000000-BTD4D.1.QUE001871,QUE001871
OAK-MOR-001378_S18_L001,000000000-BTD4D.1,OAK-MOR-001378_S18_L001_01,000000000-BTD4D.1.QUE001877,QUE001877
OAK-MOR-001379_S19_L001,000000000-BTD4D.1,OAK-MOR-001379_S19_L001_01,000000000-BTD4D.1.QUE001878,QUE001878
OAK-MOR-001380_S20_L001,000000000-BTD4D.1,OAK-MOR-001380_S20_L001_01,000000000-BTD4D.1.QUE001882,QUE001882
OAK-MOR-001381_S21_L001,000000000-BTD4D.1,OAK-MOR-001381_S21_L001_01,000000000-BTD4D.1.QUE001885,QUE001885
OAK-MOR-001382_S22_L001,000000000-BTD4D.1,OAK-MOR-001382_S22_L001_01,000000000-BTD4D.1.QUE001886,QUE001886
OAK-MOR-001383_S23_L001,000000000-BTD4D.1,OAK-MOR-001383_S23_L001_01,000000000-BTD4D.1.QUE001898,QUE001898
OAK-MOR-001384_S24_L001,000000000-BTD4D.1,OAK-MOR-001384_S24_L001_01,000000000-BTD4D.1.QUE001900,QUE001900
OAK-MOR-001385_S25_L001,000000000-BTD4D.1,OAK-MOR-001385_S25_L001_01,000000000-BTD4D.1.QUE001902,QUE001902
OAK-MOR-001386_S26_L001,000000000-BTD4D.1,OAK-MOR-001386_S26_L001_01,000000000-BTD4D.1.QUE001904,QUE001904
OAK-MOR-001387_S27_L001,000000000-BTD4D.1,OAK-MOR-001387_S27_L001_01,000000000-BTD4D.1.QUE001912,QUE001912
OAK-MOR-001388_S28_L001,000000000-BTD4D.1,OAK-MOR-001388_S28_L001_01,000000000-BTD4D.1.QUE001920,QUE001920
OAK-MOR-001389_S29_L001,000000000-BTD4D.1,OAK-MOR-001389_S29_L001_01,000000000-BTD4D.1.QUE001922,QUE001922
OAK-MOR-001390_S30_L001,000000000-BTD4D.1,OAK-MOR-001390_S30_L001_01,000000000-BTD4D.1.QUE001923,QUE001923
OAK-MOR-001391_S31_L001,000000000-BTD4D.1,OAK-MOR-001391_S31_L001_01,000000000-BTD4D.1.QUE001924,QUE001924
OAK-MOR-001392_S32_L001,000000000-BTD4D.1,OAK-MOR-001392_S32_L001_01,000000000-BTD4D.1.QUE001925,QUE001925
OAK-MOR-001393_S33_L001,000000000-BTD4D.1,OAK-MOR-001393_S33_L001_01,000000000-BTD4D.1.QUE001928,QUE001928
OAK-MOR-001394_S34_L001,000000000-BTD4D.1,OAK-MOR-001394_S34_L001_01,000000000-BTD4D.1.QUE001929,QUE001929
OAK-MOR-001395_S35_L001,000000000-BTD4D.1,OAK-MOR-001395_S35_L001_01,000000000-BTD4D.1.QUE001930,QUE001930
OAK-MOR-001396_S36_L001,000000000-BTD4D.1,OAK-MOR-001396_S36_L001_01,000000000-BTD4D.1.QUE001936,QUE001936
OAK-MOR-001397_S37_L001,000000000-BTD4D.1,OAK-MOR-001397_S37_L001_01,000000000-BTD4D.1.QUE001938,QUE001938
OAK-MOR-001398_S38_L001,000000000-BTD4D.1,OAK-MOR-001398_S38_L001_01,000000000-BTD4D.1.QUE001940,QUE001940
OAK-MOR-001399_S39_L001,000000000-BTD4D.1,OAK-MOR-001399_S39_L001_01,000000000-BTD4D.1.QUE001943,QUE001943
OAK-MOR-001400_S40_L001,000000000-BTD4D.1,OAK-MOR-001400_S40_L001_01,000000000-BTD4D.1.QUE001947,QUE001947
OAK-MOR-001401_S41_L001,000000000-BTD4D.1,OAK-MOR-001401_S41_L001_01,000000000-BTD4D.1.QUE001955,QUE001955
OAK-MOR-001402_S42_L001,000000000-BTD4D.1,OAK-MOR-001402_S42_L001_01,000000000-BTD4D.1.QUE001959,QUE001959
OAK-MOR-001403_S43_L001,000000000-BTD4D.1,OAK-MOR-001403_S43_L001_01,000000000-BTD4D.1.QUE001960,QUE001960
OAK-MOR-001404_S44_L001,000000000-BTD4D.1,OAK-MOR-001404_S44_L001_01,000000000-BTD4D.1.QUE001969,QUE001969
OAK-MOR-001405_S45_L001,000000000-BTD4D.1,OAK-MOR-001405_S45_L001_01,000000000-BTD4D.1.QUE001974,QUE001974
OAK-MOR-001406_S46_L001,000000000-BTD4D.1,OAK-MOR-001406_S46_L001_01,000000000-BTD4D.1.QUE001979,QUE001979
OAK-MOR-001407_S47_L001,000000000-BTD4D.1,OAK-MOR-001407_S47_L001_01,000000000-BTD4D.1.QUE001980,QUE001980
OAK-MOR-001408_S48_L001,000000000-BTD4D.1,OAK-MOR-001408_S48_L001_01,000000000-BTD4D.1.QUE001985,QUE001985
OAK-MOR-001409_S49_L001,000000000-BTD4D.1,OAK-MOR-001409_S49_L001_01,000000000-BTD4D.1.QUE002058,QUE002058
OAK-MOR-001410_S50_L001,000000000-BTD4D.1,OAK-MOR-001410_S50_L001_01,000000000-BTD4D.1.QUE002059,QUE002059
OAK-MOR-001411_S51_L001,000000000-BTD4D.1,OAK-MOR-001411_S51_L001_01,000000000-BTD4D.1.QUE002068,QUE002068
OAK-MOR-001412_S52_L001,000000000-BTD4D.1,OAK-MOR-001412_S52_L001_01,000000000-BTD4D.1.QUE002069,QUE002069
OAK-MOR-001413_S53_L001,000000000-BTD4D.1,OAK-MOR-001413_S53_L001_01,000000000-BTD4D.1.QUE002072,QUE002072
OAK-MOR-001414_S54_L001,000000000-BTD4D.1,OAK-MOR-001414_S54_L001_01,000000000-BTD4D.1.QUE002073,QUE002073
OAK-MOR-001415_S55_L001,000000000-BTD4D.1,OAK-MOR-001415_S55_L001_01,000000000-BTD4D.1.QUE002076,QUE002076
OAK-MOR-001416_S56_L001,000000000-BTD4D.1,OAK-MOR-001416_S56_L001_01,000000000-BTD4D.1.QUE002083,QUE002083
OAK-MOR-001417_S57_L001,000000000-BTD4D.1,OAK-MOR-001417_S57_L001_01,000000000-BTD4D.1.QUE002084,QUE002084
OAK-MOR-001418_S58_L001,000000000-BTD4D.1,OAK-MOR-001418_S58_L001_01,000000000-BTD4D.1.QUE002087,QUE002087
OAK-MOR-001419_S59_L001,000000000-BTD4D.1,OAK-MOR-001419_S59_L001_01,000000000-BTD4D.1.QUE002092,QUE002092
OAK-MOR-001420_S60_L001,000000000-BTD4D.1,OAK-MOR-001420_S60_L001_01,000000000-BTD4D.1.QUE002096,QUE002096
OAK-MOR-001421_S61_L001,000000000-BTD4D.1,OAK-MOR-001421_S61_L001_01,000000000-BTD4D.1.QUE002099,QUE002099
OAK-MOR-001422_S62_L001,000000000-BTD4D.1,OAK-MOR-001422_S62_L001_01,000000000-BTD4D.1.QUE002103,QUE002103
OAK-MOR-001423_S63_L001,000000000-BTD4D.1,OAK-MOR-001423_S63_L001_01,000000000-BTD4D.1.QUE002106,QUE002106
OAK-MOR-001424_S64_L001,000000000-BTD4D.1,OAK-MOR-001424_S64_L001_01,000000000-BTD4D.1.QUE002107,QUE002107
OAK-MOR-001425_S65_L001,000000000-BTD4D.1,OAK-MOR-001425_S65_L001_01,000000000-BTD4D.1.QUE002109,QUE002109
OAK-MOR-001426_S66_L001,000000000-BTD4D.1,OAK-MOR-001426_S66_L001_01,000000000-BTD4D.1.QUE002110,QUE002110
OAK-MOR-001427_S67_L001,000000000-BTD4D.1,OAK-MOR-001427_S67_L001_01,000000000-BTD4D.1.QUE002114,QUE002114
OAK-MOR-001428_S68_L001,000000000-BTD4D.1,OAK-MOR-001428_S68_L001_01,000000000-BTD4D.1.QUE002119,QUE002119
OAK-MOR-001429_S69_L001,000000000-BTD4D.1,OAK-MOR-001429_S69_L001_01,000000000-BTD4D.1.QUE002124,QUE002124
OAK-MOR-001430_S1_L001,000000000-BVYRF.1,OAK-MOR-001430_S1_L001_01,000000000-BVYRF.1.QUE002128,QUE002128
OAK-MOR-001431_S2_L001,000000000-BVYRF.1,OAK-MOR-001431_S2_L001_01,000000000-BVYRF.1.QUE002131,QUE002131
OAK-MOR-001432_S3_L001,000000000-BVYRF.1,OAK-MOR-001432_S3_L001_01,000000000-BVYRF.1.QUE002132,QUE002132
OAK-MOR-001433_S4_L001,000000000-BVYRF.1,OAK-MOR-001433_S4_L001_01,000000000-BVYRF.1.QUE002134,QUE002134
OAK-MOR-001434_S70_L001,000000000-BTD4D.1,OAK-MOR-001434_S70_L001_01,000000000-BTD4D.1.QUE002135,QUE002135
OAK-MOR-001435_S5_L001,000000000-BVYRF.1,OAK-MOR-001435_S5_L001_01,000000000-BVYRF.1.QUE002136,QUE002136
OAK-MOR-001436_S6_L001,000000000-BVYRF.1,OAK-MOR-001436_S6_L001_01,000000000-BVYRF.1.QUE002139,QUE002139
OAK-MOR-001437_S7_L001,000000000-BVYRF.1,OAK-MOR-001437_S7_L001_01,000000000-BVYRF.1.QUE002140,QUE002140
OAK-MOR-001438_S8_L001,000000000-BVYRF.1,OAK-MOR-001438_S8_L001_01,000000000-BVYRF.1.QUE002141,QUE002141
OAK-MOR-001439_S9_L001,000000000-BVYRF.1,OAK-MOR-001439_S9_L001_01,000000000-BVYRF.1.QUE002143,QUE002143
OAK-MOR-001440_S10_L001,000000000-BVYRF.1,OAK-MOR-001440_S10_L001_01,000000000-BVYRF.1.QUE002147,QUE002147
OAK-MOR-001441_S71_L001,000000000-BTD4D.1,OAK-MOR-001441_S71_L001_01,000000000-BTD4D.1.QUE002148,QUE002148
OAK-MOR-001442_S72_L001,000000000-BTD4D.1,OAK-MOR-001442_S72_L001_01,000000000-BTD4D.1.QUE002149,QUE002149
OAK-MOR-001443_S11_L001,000000000-BVYRF.1,OAK-MOR-001443_S11_L001_01,000000000-BVYRF.1.QUE002150,QUE002150
OAK-MOR-001444_S12_L001,000000000-BVYRF.1,OAK-MOR-001444_S12_L001_01,000000000-BVYRF.1.QUE002151,QUE002151
OAK-MOR-001445_S13_L001,000000000-BVYRF.1,OAK-MOR-001445_S13_L001_01,000000000-BVYRF.1.QUE002156,QUE002156
OAK-MOR-001446_S14_L001,000000000-BVYRF.1,OAK-MOR-001446_S14_L001_01,000000000-BVYRF.1.QUE002157,QUE002157
OAK-MOR-001447_S15_L001,000000000-BVYRF.1,OAK-MOR-001447_S15_L001_01,000000000-BVYRF.1.QUE002158,QUE002158
OAK-MOR-001448_S16_L001,000000000-BVYRF.1,OAK-MOR-001448_S16_L001_01,000000000-BVYRF.1.QUE002159,QUE002159
OAK-MOR-001449_S73_L001,000000000-BTD4D.1,OAK-MOR-001449_S73_L001_01,000000000-BTD4D.1.QUE002160,QUE002160
OAK-MOR-001450_S74_L001,000000000-BTD4D.1,OAK-MOR-001450_S74_L001_01,000000000-BTD4D.1.QUE002161,QUE002161
OAK-MOR-001451_S17_L001,000000000-BVYRF.1,OAK-MOR-001451_S17_L001_01,000000000-BVYRF.1.QUE002164,QUE002164
OAK-MOR-001452_S75_L001,000000000-BTD4D.1,OAK-MOR-001452_S75_L001_01,000000000-BTD4D.1.QUE002166,QUE002166
OAK-MOR-001453_S18_L001,000000000-BVYRF.1,OAK-MOR-001453_S18_L001_01,000000000-BVYRF.1.QUE002170,QUE002170
OAK-MOR-001454_S19_L001,000000000-BVYRF.1,OAK-MOR-001454_S19_L001_01,000000000-BVYRF.1.QUE002175,QUE002175
OAK-MOR-001455_S76_L001,000000000-BTD4D.1,OAK-MOR-001455_S76_L001_01,000000000-BTD4D.1.QUE002176,QUE002176
OAK-MOR-001456_S77_L001,000000000-BTD4D.1,OAK-MOR-001456_S77_L001_01,000000000-BTD4D.1.QUE002180,QUE002180
OAK-MOR-001457_S78_L001,000000000-BTD4D.1,OAK-MOR-001457_S78_L001_01,000000000-BTD4D.1.QUE002183,QUE002183
OAK-MOR-001458_S20_L001,000000000-BVYRF.1,OAK-MOR-001458_S20_L001_01,000000000-BVYRF.1.QUE002193,QUE002193
OAK-MOR-001459_S21_L001,000000000-BVYRF.1,OAK-MOR-001459_S21_L001_01,000000000-BVYRF.1.QUE002194,QUE002194
OAK-MOR-001460_S22_L001,000000000-BVYRF.1,OAK-MOR-001460_S22_L001_01,000000000-BVYRF.1.QUE002195,QUE002195
OAK-MOR-001461_S23_L001,000000000-BVYRF.1,OAK-MOR-001461_S23_L001_01,000000000-BVYRF.1.QUE002202,QUE002202
OAK-MOR-001462_S24_L001,000000000-BVYRF.1,OAK-MOR-001462_S24_L001_01,000000000-BVYRF.1.QUE002216,QUE002216
OAK-MOR-001463_S25_L001,000000000-BVYRF.1,OAK-MOR-001463_S25_L001_01,000000000-BVYRF.1.QUE002225,QUE002225
OAK-MOR-001464_S26_L001,000000000-BVYRF.1,OAK-MOR-001464_S26_L001_01,000000000-BVYRF.1.QUE002226,QUE002226
OAK-MOR-001465_S79_L001,000000000-BTD4D.1,OAK-MOR-001465_S79_L001_01,000000000-BTD4D.1.QUE002229,QUE002229
OAK-MOR-001466_S27_L001,000000000-BVYRF.1,OAK-MOR-001466_S27_L001_01,000000000-BVYRF.1.QUE002232,QUE002232
OAK-MOR-001467_S28_L001,000000000-BVYRF.1,OAK-MOR-001467_S28_L001_01,000000000-BVYRF.1.QUE002239,QUE002239
OAK-MOR-001468_S80_L001,000000000-BTD4D.1,OAK-MOR-001468_S80_L001_01,000000000-BTD4D.1.QUE002240,QUE002240
OAK-MOR-001469_S29_L001,000000000-BVYRF.1,OAK-MOR-001469_S29_L001_01,000000000-BVYRF.1.QUE002256,QUE002256
OAK-MOR-001470_S30_L001,000000000-BVYRF.1,OAK-MOR-001470_S30_L001_01,000000000-BVYRF.1.QUE002261,QUE002261
OAK-MOR-001471_S31_L001,000000000-BVYRF.1,OAK-MOR-001471_S31_L001_01,000000000-BVYRF.1.QUE002265,QUE002265
OAK-MOR-001472_S32_L001,000000000-BVYRF.1,OAK-MOR-001472_S32_L001_01,000000000-BVYRF.1.QUE002267,QUE002267
OAK-MOR-001473_S33_L001,000000000-BVYRF.1,OAK-MOR-001473_S33_L001_01,000000000-BVYRF.1.QUE002268,QUE002268
OAK-MOR-001474_S34_L001,000000000-BVYRF.1,OAK-MOR-001474_S34_L001_01,000000000-BVYRF.1.QUE002269,QUE002269
OAK-MOR-001475_S35_L001,000000000-BVYRF.1,OAK-MOR-001475_S35_L001_01,000000000-BVYRF.1.QUE002275,QUE002275
OAK-MOR-001476_S36_L001,000000000-BVYRF.1,OAK-MOR-001476_S36_L001_01,000000000-BVYRF.1.QUE002290,QUE002290
OAK-MOR-001477_S37_L001,000000000-BVYRF.1,OAK-MOR-001477_S37_L001_01,000000000-BVYRF.1.QUE002291,QUE002291
OAK-MOR-001478_S38_L001,000000000-BVYRF.1,OAK-MOR-001478_S38_L001_01,000000000-BVYRF.1.QUE002299,QUE002299
OAK-MOR-001479_S39_L001,000000000-BVYRF.1,OAK-MOR-001479_S39_L001_01,000000000-BVYRF.1.QUE002310,QUE002310
OAK-MOR-001480_S40_L001,000000000-BVYRF.1,OAK-MOR-001480_S40_L001_01,000000000-BVYRF.1.QUE002313,QUE002313
OAK-MOR-001481_S41_L001,000000000-BVYRF.1,OAK-MOR-001481_S41_L001_01,000000000-BVYRF.1.QUE002314,QUE002314
OAK-MOR-001482_S42_L001,000000000-BVYRF.1,OAK-MOR-001482_S42_L001_01,000000000-BVYRF.1.QUE002315,QUE002315
OAK-MOR-001483_S43_L001,000000000-BVYRF.1,OAK-MOR-001483_S43_L001_01,000000000-BVYRF.1.QUE002319,QUE002319
OAK-MOR-001484_S44_L001,000000000-BVYRF.1,OAK-MOR-001484_S44_L001_01,000000000-BVYRF.1.QUE002324,QUE002324
OAK-MOR-001485_S45_L001,000000000-BVYRF.1,OAK-MOR-001485_S45_L001_01,000000000-BVYRF.1.QUE002331,QUE002331
OAK-MOR-001486_S46_L001,000000000-BVYRF.1,OAK-MOR-001486_S46_L001_01,000000000-BVYRF.1.QUE002335,QUE002335
OAK-MOR-001487_S47_L001,000000000-BVYRF.1,OAK-MOR-001487_S47_L001_01,000000000-BVYRF.1.QUE002338,QUE002338
OAK-MOR-001488_S48_L001,000000000-BVYRF.1,OAK-MOR-001488_S48_L001_01,000000000-BVYRF.1.QUE002339,QUE002339
OAK-MOR-001489_S49_L001,000000000-BVYRF.1,OAK-MOR-001489_S49_L001_01,000000000-BVYRF.1.QUE002341,QUE002341
OAK-MOR-001490_S50_L001,000000000-BVYRF.1,OAK-MOR-001490_S50_L001_01,000000000-BVYRF.1.QUE002342,QUE002342
OAK-MOR-001491_S51_L001,000000000-BVYRF.1,OAK-MOR-001491_S51_L001_01,000000000-BVYRF.1.QUE002346,QUE002346
OAK-MOR-001492_S52_L001,000000000-BVYRF.1,OAK-MOR-001492_S52_L001_01,000000000-BVYRF.1.QUE002347,QUE002347
OAK-MOR-001493_S53_L001,000000000-BVYRF.1,OAK-MOR-001493_S53_L001_01,000000000-BVYRF.1.QUE002351,QUE002351
OAK-MOR-001494_S54_L001,000000000-BVYRF.1,OAK-MOR-001494_S54_L001_01,000000000-BVYRF.1.QUE002362,QUE002362
OAK-MOR-001495_S55_L001,000000000-BVYRF.1,OAK-MOR-001495_S55_L001_01,000000000-BVYRF.1.QUE002379,QUE002379
OAK-MOR-001496_S56_L001,000000000-BVYRF.1,OAK-MOR-001496_S56_L001_01,000000000-BVYRF.1.QUE002383,QUE002383
OAK-MOR-001497_S57_L001,000000000-BVYRF.1,OAK-MOR-001497_S57_L001_01,000000000-BVYRF.1.QUE002384,QUE002384
OAK-MOR-001498_S58_L001,000000000-BVYRF.1,OAK-MOR-001498_S58_L001_01,000000000-BVYRF.1.QUE002385,QUE002385
OAK-MOR-001499_S59_L001,000000000-BVYRF.1,OAK-MOR-001499_S59_L001_01,000000000-BVYRF.1.QUE002392,QUE002392
OAK-MOR-001500_S60_L001,000000000-BVYRF.1,OAK-MOR-001500_S60_L001_01,000000000-BVYRF.1.QUE002393,QUE002393
OAK-MOR-001501_S61_L001,000000000-BVYRF.1,OAK-MOR-001501_S61_L001_01,000000000-BVYRF.1.QUE002404,QUE002404
OAK-MOR-001502_S62_L001,000000000-BVYRF.1,OAK-MOR-001502_S62_L001_01,000000000-BVYRF.1.QUE002410,QUE002410
OAK-MOR-001503_S63_L001,000000000-BVYRF.1,OAK-MOR-001503_S63_L001_01,000000000-BVYRF.1.QUE002411,QUE002411
OAK-MOR-001504_S64_L001,000000000-BVYRF.1,OAK-MOR-001504_S64_L001_01,000000000-BVYRF.1.QUE002416,QUE002416
OAK-MOR-001505_S65_L001,000000000-BVYRF.1,OAK-MOR-001505_S65_L001_01,000000000-BVYRF.1.QUE002417,QUE002417
OAK-MOR-001506_S66_L001,000000000-BVYRF.1,OAK-MOR-001506_S66_L001_01,000000000-BVYRF.1.QUE002422,QUE002422
OAK-MOR-001507_S67_L001,000000000-BVYRF.1,OAK-MOR-001507_S67_L001_01,000000000-BVYRF.1.QUE002427,QUE002427
OAK-MOR-001508_S68_L001,000000000-BVYRF.1,OAK-MOR-001508_S68_L001_01,000000000-BVYRF.1.QUE002430,QUE002430
OAK-MOR-001509_S69_L001,000000000-BVYRF.1,OAK-MOR-001509_S69_L001_01,000000000-BVYRF.1.QUE002433,QUE002433
OAK-MOR-001510_S70_L001,000000000-BVYRF.1,OAK-MOR-001510_S70_L001_01,000000000-BVYRF.1.QUE002443,QUE002443
OAK-MOR-001511_S71_L001,000000000-BVYRF.1,OAK-MOR-001511_S71_L001_01,000000000-BVYRF.1.QUE002445,QUE002445
OAK-MOR-001512_S72_L001,000000000-BVYRF.1,OAK-MOR-001512_S72_L001_01,000000000-BVYRF.1.QUE002450,QUE002450
OAK-MOR-001513_S73_L001,000000000-BVYRF.1,OAK-MOR-001513_S73_L001_01,000000000-BVYRF.1.QUE002453,QUE002453
OAK-MOR-001514_S74_L001,000000000-BVYRF.1,OAK-MOR-001514_S74_L001_01,000000000-BVYRF.1.QUE002454,QUE002454
OAK-MOR-001515_S75_L001,000000000-BVYRF.1,OAK-MOR-001515_S75_L001_01,000000000-BVYRF.1.QUE002455,QUE002455
OAK-MOR-001516_S76_L001,000000000-BVYRF.1,OAK-MOR-001516_S76_L001_01,000000000-BVYRF.1.QUE002459,QUE002459
OAK-MOR-001517_S77_L001,000000000-BVYRF.1,OAK-MOR-001517_S77_L001_01,000000000-BVYRF.1.QUE002460,QUE002460
OAK-MOR-001518_S78_L001,000000000-BVYRF.1,OAK-MOR-001518_S78_L001_01,000000000-BVYRF.1.QUE002463,QUE002463
OAK-MOR-001519_S79_L001,000000000-BVYRF.1,OAK-MOR-001519_S79_L001_01,000000000-BVYRF.1.QUE002467,QUE002467
OAK-MOR-001520_S80_L001,000000000-BVYRF.1,OAK-MOR-001520_S80_L001_01,000000000-BVYRF.1.QUE002474,QUE002474
OAK-MOR-001521_S1_L001,000000000-BY462.1,OAK-MOR-001521_S1_L001_01,000000000-BY462.1.QUE002478,QUE002478
OAK-MOR-001522_S2_L001,000000000-BY462.1,OAK-MOR-001522_S2_L001_01,000000000-BY462.1.QUE002484,QUE002484
OAK-MOR-001523_S3_L001,000000000-BY462.1,OAK-MOR-001523_S3_L001_01,000000000-BY462.1.QUE002487,QUE002487
OAK-MOR-001524_S4_L001,000000000-BY462.1,OAK-MOR-001524_S4_L001_01,000000000-BY462.1.QUE002488,QUE002488
OAK-MOR-001525_S5_L001,000000000-BY462.1,OAK-MOR-001525_S5_L001_01,000000000-BY462.1.QUE002492,QUE002492
OAK-MOR-001526_S6_L001,000000000-BY462.1,OAK-MOR-001526_S6_L001_01,000000000-BY462.1.QUE002494,QUE002494
OAK-MOR-001527_S7_L001,000000000-BY462.1,OAK-MOR-001527_S7_L001_01,000000000-BY462.1.QUE002495,QUE002495
OAK-MOR-001528_S8_L001,000000000-BY462.1,OAK-MOR-001528_S8_L001_01,000000000-BY462.1.QUE002496,QUE002496
OAK-MOR-001529_S9_L001,000000000-BY462.1,OAK-MOR-001529_S9_L001_01,000000000-BY462.1.QUE002502,QUE002502
OAK-MOR-001530_S10_L001,000000000-BY462.1,OAK-MOR-001530_S10_L001_01,000000000-BY462.1.QUE002503,QUE002503
OAK-MOR-001531_S11_L001,000000000-BY462.1,OAK-MOR-001531_S11_L001_01,000000000-BY462.1.QUE002510,QUE002510
OAK-MOR-001532_S12_L001,000000000-BY462.1,OAK-MOR-001532_S12_L001_01,000000000-BY462.1.QUE002511,QUE002511
OAK-MOR-001533_S13_L001,000000000-BY462.1,OAK-MOR-001533_S13_L001_01,000000000-BY462.1.QUE002515,QUE002515
OAK-MOR-001534_S14_L001,000000000-BY462.1,OAK-MOR-001534_S14_L001_01,000000000-BY462.1.QUE002518,QUE002518
OAK-MOR-001535_S15_L001,000000000-BY462.1,OAK-MOR-001535_S15_L001_01,000000000-BY462.1.QUE002520,QUE002520
OAK-MOR-001536_S16_L001,000000000-BY462.1,OAK-MOR-001536_S16_L001_01,000000000-BY462.1.QUE002521,QUE002521
OAK-MOR-001537_S17_L001,000000000-BY462.1,OAK-MOR-001537_S17_L001_01,000000000-BY462.1.QUE002522,QUE002522
OAK-MOR-001538_S18_L001,000000000-BY462.1,OAK-MOR-001538_S18_L001_01,000000000-BY462.1.QUE002529,QUE002529
OAK-MOR-001539_S19_L001,000000000-BY462.1,OAK-MOR-001539_S19_L001_01,000000000-BY462.1.QUE002531,QUE002531
OAK-MOR-001540_S20_L001,000000000-BY462.1,OAK-MOR-001540_S20_L001_01,000000000-BY462.1.QUE002533,QUE002533
OAK-MOR-001541_S21_L001,000000000-BY462.1,OAK-MOR-001541_S21_L001_01,000000000-BY462.1.QUE002534,QUE002534
OAK-MOR-001542_S22_L001,000000000-BY462.1,OAK-MOR-001542_S22_L001_01,000000000-BY462.1.QUE002542,QUE002542
OAK-MOR-001543_S23_L001,000000000-BY462.1,OAK-MOR-001543_S23_L001_01,000000000-BY462.1.QUE002544,QUE002544
OAK-MOR-001544_S24_L001,000000000-BY462.1,OAK-MOR-001544_S24_L001_01,000000000-BY462.1.QUE002555,QUE002555
OAK-MOR-001545_S25_L001,000000000-BY462.1,OAK-MOR-001545_S25_L001_01,000000000-BY462.1.QUE002556,QUE002556
OAK-MOR-001546_S26_L001,000000000-BY462.1,OAK-MOR-001546_S26_L001_01,000000000-BY462.1.QUE002558,QUE002558
OAK-MOR-001547_S27_L001,000000000-BY462.1,OAK-MOR-001547_S27_L001_01,000000000-BY462.1.QUE002559,QUE002559
OAK-MOR-001548_S28_L001,000000000-BY462.1,OAK-MOR-001548_S28_L001_01,000000000-BY462.1.QUE002560,QUE002560
OAK-MOR-001549_S29_L001,000000000-BY462.1,OAK-MOR-001549_S29_L001_01,000000000-BY462.1.QUE002564,QUE002564
OAK-MOR-001550_S30_L001,000000000-BY462.1,OAK-MOR-001550_S30_L001_01,000000000-BY462.1.QUE002581,QUE002581
OAK-MOR-001551_S31_L001,000000000-BY462.1,OAK-MOR-001551_S31_L001_01,000000000-BY462.1.QUE002570,QUE002570
OAK-MOR-001552_S18_L001,000000000-C88F4.1,OAK-MOR-001552_S18_L001_01,000000000-C88F4.1.QUE001632,QUE001632
OAK-MOR-001553_S20_L001,000000000-C88F4.1,OAK-MOR-001553_S20_L001_01,000000000-C88F4.1.QUE001633,QUE001633
OAK-MOR-001554_S1_L001,000000000-C88F4.1,OAK-MOR-001554_S1_L001_01,000000000-C88F4.1.QUE001634,QUE001634
OAK-MOR-001555_S49_L001,000000000-BY462.1,OAK-MOR-001555_S49_L001_01,000000000-BY462.1.QUE001635,QUE001635
OAK-MOR-001556_S50_L001,000000000-BY462.1,OAK-MOR-001556_S50_L001_01,000000000-BY462.1.QUE001636,QUE001636
OAK-MOR-001557_S2_L001,000000000-C88F4.1,OAK-MOR-001557_S2_L001_01,000000000-C88F4.1.QUE001637,QUE001637
OAK-MOR-001558_S19_L001,000000000-C88F4.1,OAK-MOR-001558_S19_L001_01,000000000-C88F4.1.QUE001638,QUE001638
OAK-MOR-001564_S51_L001,000000000-BY462.1,OAK-MOR-001564_S51_L001_01,000000000-BY462.1.QUE001644,QUE001644
OAK-MOR-001565_S3_L001,000000000-C88F4.1,OAK-MOR-001565_S3_L001_01,000000000-C88F4.1.QUE001645,QUE001645
OAK-MOR-001566_S21_L001,000000000-C88F4.1,OAK-MOR-001566_S21_L001_01,000000000-C88F4.1.QUE001646,QUE001646
OAK-MOR-001567_S22_L001,000000000-C88F4.1,OAK-MOR-001567_S22_L001_01,000000000-C88F4.1.QUE001647,QUE001647
OAK-MOR-001568_S52_L001,000000000-BY462.1,OAK-MOR-001568_S52_L001_01,000000000-BY462.1.QUE001648,QUE001648
OAK-MOR-001569_S23_L001,000000000-C88F4.1,OAK-MOR-001569_S23_L001_01,000000000-C88F4.1.QUE001649,QUE001649
OAK-MOR-001570_S24_L001,000000000-C88F4.1,OAK-MOR-001570_S24_L001_01,000000000-C88F4.1.QUE001650,QUE001650
OAK-MOR-001571_S53_L001,000000000-BY462.1,OAK-MOR-001571_S53_L001_01,000000000-BY462.1.QUE001651,QUE001651
OAK-MOR-001574_S25_L001,000000000-C88F4.1,OAK-MOR-001574_S25_L001_01,000000000-C88F4.1.QUE001654,QUE001654
OAK-MOR-001576_S26_L001,000000000-C88F4.1,OAK-MOR-001576_S26_L001_01,000000000-C88F4.1.QUE001656,QUE001656
OAK-MOR-001578_S54_L001,000000000-BY462.1,OAK-MOR-001578_S54_L001_01,000000000-BY462.1.QUE001658,QUE001658
OAK-MOR-001580_S55_L001,000000000-BY462.1,OAK-MOR-001580_S55_L001_01,000000000-BY462.1.QUE001660,QUE001660
OAK-MOR-001581_S56_L001,000000000-BY462.1,OAK-MOR-001581_S56_L001_01,000000000-BY462.1.QUE001661,QUE001661
OAK-MOR-001582_S57_L001,000000000-BY462.1,OAK-MOR-001582_S57_L001_01,000000000-BY462.1.QUE001662,QUE001662
OAK-MOR-001583_S27_L001,000000000-C88F4.1,OAK-MOR-001583_S27_L001_01,000000000-C88F4.1.QUE001663,QUE001663
OAK-MOR-001584_S58_L001,000000000-BY462.1,OAK-MOR-001584_S58_L001_01,000000000-BY462.1.QUE001664,QUE001664
OAK-MOR-001585_S28_L001,000000000-C88F4.1,OAK-MOR-001585_S28_L001_01,000000000-C88F4.1.QUE001665,QUE001665
OAK-MOR-001586_S59_L001,000000000-BY462.1,OAK-MOR-001586_S59_L001_01,000000000-BY462.1.QUE001666,QUE001666
OAK-MOR-001587_S60_L001,000000000-BY462.1,OAK-MOR-001587_S60_L001_01,000000000-BY462.1.QUE001667,QUE001667
OAK-MOR-001588_S61_L001,000000000-BY462.1,OAK-MOR-001588_S61_L001_01,000000000-BY462.1.QUE001668,QUE001668
OAK-MOR-001589_S62_L001,000000000-BY462.1,OAK-MOR-001589_S62_L001_01,000000000-BY462.1.QUE001669,QUE001669
OAK-MOR-001591_S63_L001,000000000-BY462.1,OAK-MOR-001591_S63_L001_01,000000000-BY462.1.QUE001671,QUE001671
OAK-MOR-001592_S64_L001,000000000-BY462.1,OAK-MOR-001592_S64_L001_01,000000000-BY462.1.QUE001672,QUE001672
OAK-MOR-001596_S29_L001,000000000-C88F4.1,OAK-MOR-001596_S29_L001_01,000000000-C88F4.1.QUE001676,QUE001676
OAK-MOR-001597_S30_L001,000000000-C88F4.1,OAK-MOR-001597_S30_L001_01,000000000-C88F4.1.QUE001677,QUE001677
OAK-MOR-001598_S31_L001,000000000-C88F4.1,OAK-MOR-001598_S31_L001_01,000000000-C88F4.1.QUE001678,QUE001678
OAK-MOR-001599_S32_L001,000000000-C88F4.1,OAK-MOR-001599_S32_L001_01,000000000-C88F4.1.QUE001679,QUE001679
OAK-MOR-001604_S33_L001,000000000-C88F4.1,OAK-MOR-001604_S33_L001_01,000000000-C88F4.1.QUE001684,QUE001684
OAK-MOR-001606_S34_L001,000000000-C88F4.1,OAK-MOR-001606_S34_L001_01,000000000-C88F4.1.QUE001686,QUE001686
OAK-MOR-001607_S35_L001,000000000-C88F4.1,OAK-MOR-001607_S35_L001_01,000000000-C88F4.1.QUE001687,QUE001687
OAK-MOR-001608_S65_L001,000000000-BY462.1,OAK-MOR-001608_S65_L001_01,000000000-BY462.1.QUE001688,QUE001688
OAK-MOR-001609_S66_L001,000000000-BY462.1,OAK-MOR-001609_S66_L001_01,000000000-BY462.1.QUE001689,QUE001689
OAK-MOR-001610_S36_L001,000000000-C88F4.1,OAK-MOR-001610_S36_L001_01,000000000-C88F4.1.QUE001690,QUE001690
OAK-MOR-001611_S37_L001,000000000-C88F4.1,OAK-MOR-001611_S37_L001_01,000000000-C88F4.1.QUE001691,QUE001691
OAK-MOR-001612_S67_L001,000000000-BY462.1,OAK-MOR-001612_S67_L001_01,000000000-BY462.1.QUE001692,QUE001692
OAK-MOR-001613_S38_L001,000000000-C88F4.1,OAK-MOR-001613_S38_L001_01,000000000-C88F4.1.QUE001693,QUE001693
OAK-MOR-001614_S39_L001,000000000-C88F4.1,OAK-MOR-001614_S39_L001_01,000000000-C88F4.1.QUE001694,QUE001694
OAK-MOR-001615_S68_L001,000000000-BY462.1,OAK-MOR-001615_S68_L001_01,000000000-BY462.1.QUE001695,QUE001695
OAK-MOR-001617_S69_L001,000000000-BY462.1,OAK-MOR-001617_S69_L001_01,000000000-BY462.1.QUE001697,QUE001697
OAK-MOR-001620_S40_L001,000000000-C88F4.1,OAK-MOR-001620_S40_L001_01,000000000-C88F4.1.QUE001700,QUE001700
OAK-MOR-001621_S70_L001,000000000-BY462.1,OAK-MOR-001621_S70_L001_01,000000000-BY462.1.QUE001701,QUE001701
OAK-MOR-001622_S41_L001,000000000-C88F4.1,OAK-MOR-001622_S41_L001_01,000000000-C88F4.1.QUE001702,QUE001702
OAK-MOR-001623_S71_L001,000000000-BY462.1,OAK-MOR-001623_S71_L001_01,000000000-BY462.1.QUE001703,QUE001703
OAK-MOR-001625_S42_L001,000000000-C88F4.1,OAK-MOR-001625_S42_L001_01,000000000-C88F4.1.QUE001705,QUE001705
OAK-MOR-001626_S72_L001,000000000-BY462.1,OAK-MOR-001626_S72_L001_01,000000000-BY462.1.QUE001706,QUE001706
OAK-MOR-001628_S162_L007,HCHTYBBXY.7,OAK-MOR-001628_S162_L007_01,HCHTYBBXY.7.QUE001708,QUE001708
OAK-MOR-001628_S42_L001,000000000-CKPTV.1,OAK-MOR-001628_S42_L001_01,000000000-CKPTV.1.QUE001708,QUE001708
OAK-MOR-001628_S80_L001,000000000-BY462.1,OAK-MOR-001628_S80_L001_01,000000000-BY462.1.QUE001708,QUE001708
OAK-MOR-001629_S73_L001,000000000-BY462.1,OAK-MOR-001629_S73_L001_01,000000000-BY462.1.QUE001709,QUE001709
OAK-MOR-001630_S74_L001,000000000-BY462.1,OAK-MOR-001630_S74_L001_01,000000000-BY462.1.QUE001710,QUE001710
OAK-MOR-001631_S163_L007,HCHTYBBXY.7,OAK-MOR-001631_S163_L007_01,HCHTYBBXY.7.QUE001711,QUE001711
OAK-MOR-001631_S43_L001,000000000-CKPTV.1,OAK-MOR-001631_S43_L001_01,000000000-CKPTV.1.QUE001711,QUE001711
OAK-MOR-001632_S164_L007,HCHTYBBXY.7,OAK-MOR-001632_S164_L007_01,HCHTYBBXY.7.QUE001712,QUE001712
OAK-MOR-001632_S44_L001,000000000-CKPTV.1,OAK-MOR-001632_S44_L001_01,000000000-CKPTV.1.QUE001712,QUE001712
OAK-MOR-001632_S81_L001,000000000-BY462.1,OAK-MOR-001632_S81_L001_01,000000000-BY462.1.QUE001712,QUE001712
OAK-MOR-001633_S165_L007,HCHTYBBXY.7,OAK-MOR-001633_S165_L007_01,HCHTYBBXY.7.QUE001713,QUE001713
OAK-MOR-001633_S45_L001,000000000-CKPTV.1,OAK-MOR-001633_S45_L001_01,000000000-CKPTV.1.QUE001713,QUE001713
OAK-MOR-001634_S166_L007,HCHTYBBXY.7,OAK-MOR-001634_S166_L007_01,HCHTYBBXY.7.QUE001714,QUE001714
OAK-MOR-001634_S46_L001,000000000-CKPTV.1,OAK-MOR-001634_S46_L001_01,000000000-CKPTV.1.QUE001714,QUE001714
OAK-MOR-001635_S75_L001,000000000-BY462.1,OAK-MOR-001635_S75_L001_01,000000000-BY462.1.QUE001715,QUE001715
OAK-MOR-001636_S76_L001,000000000-BY462.1,OAK-MOR-001636_S76_L001_01,000000000-BY462.1.QUE001716,QUE001716
OAK-MOR-001639_S167_L007,HCHTYBBXY.7,OAK-MOR-001639_S167_L007_01,HCHTYBBXY.7.QUE001719,QUE001719
OAK-MOR-001639_S47_L001,000000000-CKPTV.1,OAK-MOR-001639_S47_L001_01,000000000-CKPTV.1.QUE001719,QUE001719
OAK-MOR-001640_S168_L007,HCHTYBBXY.7,OAK-MOR-001640_S168_L007_01,HCHTYBBXY.7.QUE001720,QUE001720
OAK-MOR-001640_S48_L001,000000000-CKPTV.1,OAK-MOR-001640_S48_L001_01,000000000-CKPTV.1.QUE001720,QUE001720
OAK-MOR-001641_S169_L007,HCHTYBBXY.7,OAK-MOR-001641_S169_L007_01,HCHTYBBXY.7.QUE001721,QUE001721
OAK-MOR-001641_S49_L001,000000000-CKPTV.1,OAK-MOR-001641_S49_L001_01,000000000-CKPTV.1.QUE001721,QUE001721
OAK-MOR-001643_S77_L001,000000000-BY462.1,OAK-MOR-001643_S77_L001_01,000000000-BY462.1.QUE001723,QUE001723
OAK-MOR-001644_S170_L007,HCHTYBBXY.7,OAK-MOR-001644_S170_L007_01,HCHTYBBXY.7.QUE001724,QUE001724
OAK-MOR-001644_S50_L001,000000000-CKPTV.1,OAK-MOR-001644_S50_L001_01,000000000-CKPTV.1.QUE001724,QUE001724
OAK-MOR-001645_S171_L007,HCHTYBBXY.7,OAK-MOR-001645_S171_L007_01,HCHTYBBXY.7.QUE001725,QUE001725
OAK-MOR-001645_S51_L001,000000000-CKPTV.1,OAK-MOR-001645_S51_L001_01,000000000-CKPTV.1.QUE001725,QUE001725
OAK-MOR-001646_S172_L007,HCHTYBBXY.7,OAK-MOR-001646_S172_L007_01,HCHTYBBXY.7.QUE001652,QUE001652
OAK-MOR-001646_S52_L001,000000000-CKPTV.1,OAK-MOR-001646_S52_L001_01,000000000-CKPTV.1.QUE001652,QUE001652
OAK-MOR-001647_S173_L007,HCHTYBBXY.7,OAK-MOR-001647_S173_L007_01,HCHTYBBXY.7.QUE001653,QUE001653
OAK-MOR-001648_S78_L001,000000000-BY462.1,OAK-MOR-001648_S78_L001_01,000000000-BY462.1.QUE001655,QUE001655
OAK-MOR-001649_S79_L001,000000000-BY462.1,OAK-MOR-001649_S79_L001_01,000000000-BY462.1.QUE001670,QUE001670
OAK-MOR-001650_S174_L007,HCHTYBBXY.7,OAK-MOR-001650_S174_L007_01,HCHTYBBXY.7.QUE001673,QUE001673
OAK-MOR-001650_S54_L001,000000000-CKPTV.1,OAK-MOR-001650_S54_L001_01,000000000-CKPTV.1.QUE001673,QUE001673
OAK-MOR-001651_S161_L007,HCHTYBBXY.7,OAK-MOR-001651_S161_L007_01,HCHTYBBXY.7.QUE001675,QUE001675
OAK-MOR-001651_S41_L001,000000000-CKPTV.1,OAK-MOR-001651_S41_L001_01,000000000-CKPTV.1.QUE001675,QUE001675
OAK-MOR-001652_S175_L007,HCHTYBBXY.7,OAK-MOR-001652_S175_L007_01,HCHTYBBXY.7.QUE001927,QUE001927
OAK-MOR-001652_S55_L001,000000000-CKPTV.1,OAK-MOR-001652_S55_L001_01,000000000-CKPTV.1.QUE001927,QUE001927
SYST-MOR-006133_S176_L007,HCHTYBBXY.7,SYST-MOR-006133_S176_L007_01,HCHTYBBXY.7.QUE001640,QUE001640
SYST-MOR-006133_S56_L001,000000000-CKPTV.1,SYST-MOR-006133_S56_L001_01,000000000-CKPTV.1.QUE001640,QUE001640
SYST-MOR-006134_S177_L007,HCHTYBBXY.7,SYST-MOR-006134_S177_L007_01,HCHTYBBXY.7.QUE001642,QUE001642
SYST-MOR-006134_S57_L001,000000000-CKPTV.1,SYST-MOR-006134_S57_L001_01,000000000-CKPTV.1.QUE001642,QUE001642
SYST-MOR-006135_S178_L007,HCHTYBBXY.7,SYST-MOR-006135_S178_L007_01,HCHTYBBXY.7.QUE001643,QUE001643
SYST-MOR-006135_S58_L001,000000000-CKPTV.1,SYST-MOR-006135_S58_L001_01,000000000-CKPTV.1.QUE001643,QUE001643
SYST-MOR-006136_S179_L007,HCHTYBBXY.7,SYST-MOR-006136_S179_L007_01,HCHTYBBXY.7.QUE001655,QUE001655
SYST-MOR-006136_S59_L001,000000000-CKPTV.1,SYST-MOR-006136_S59_L001_01,000000000-CKPTV.1.QUE001655,QUE001655
SYST-MOR-006137_S180_L007,HCHTYBBXY.7,SYST-MOR-006137_S180_L007_01,HCHTYBBXY.7.QUE001670,QUE001670
SYST-MOR-006137_S60_L001,000000000-CKPTV.1,SYST-MOR-006137_S60_L001_01,000000000-CKPTV.1.QUE001670,QUE001670
SYST-MOR-006138_S181_L007,HCHTYBBXY.7,SYST-MOR-006138_S181_L007_01,HCHTYBBXY.7.QUE001680,QUE001680
SYST-MOR-006138_S61_L001,000000000-CKPTV.1,SYST-MOR-006138_S61_L001_01,000000000-CKPTV.1.QUE001680,QUE001680
SYST-MOR-006139_S182_L007,HCHTYBBXY.7,SYST-MOR-006139_S182_L007_01,HCHTYBBXY.7.QUE001682,QUE001682
SYST-MOR-006139_S62_L001,000000000-CKPTV.1,SYST-MOR-006139_S62_L001_01,000000000-CKPTV.1.QUE001682,QUE001682
SYST-MOR-006140_S183_L007,HCHTYBBXY.7,SYST-MOR-006140_S183_L007_01,HCHTYBBXY.7.QUE001683,QUE001683
SYST-MOR-006140_S63_L001,000000000-CKPTV.1,SYST-MOR-006140_S63_L001_01,000000000-CKPTV.1.QUE001683,QUE001683
WT_6980_EGX_P1_S31_L001,000000000-BPKMG.1,WT_6980_EGX_P1_S31_L001_01,000000000-BPKMG.1.QUE002937,QUE002937